epoch,critic_loss,critic_real_score,critic_fake_score,gradient_penalty,generator_loss,generator_score,vol_penalty
0,-1.3009417057037354,-1.727666199207306,-3.07984671369195,0.005123883485794067,3.282865062355995,-3.0966230034828186,0.0037248391890898347
1,-1.3519057035446167,-3.302605003118515,-4.732807159423828,0.007829644018784165,4.7115638256073,-4.578343510627747,0.0026644079480320215
2,-1.355605959892273,-3.582439035177231,-5.0186240673065186,0.008057903498411179,4.677825570106506,-4.593422055244446,0.0016880707698874176
3,-1.39956533908844,-3.7395495176315308,-5.20941424369812,0.007029935950413346,5.507467746734619,-5.434111714363098,0.0014671169919893146
4,-1.3555452823638916,-4.49182003736496,-5.91834032535553,0.0070974992122501135,4.684102535247803,-4.610740423202515,0.0014672457473352551
5,-1.3839588165283203,-3.5593103766441345,-5.030931711196899,0.008766255807131529,4.5583385825157166,-4.489264070987701,0.00138148880796507
6,-1.4292316436767578,-4.076118588447571,-5.592798352241516,0.00874481350183487,5.535914838314056,-5.462029874324799,0.0014776959433220327
7,-1.45314222574234,-4.388846933841705,-5.933257222175598,0.009126805001869798,5.9377182722091675,-5.861855685710907,0.0015172561397776008
8,-1.4180594682693481,-4.803113162517548,-6.30445408821106,0.008328145137056708,6.028372406959534,-5.958099961280823,0.0014054444036446512
9,-1.4532560110092163,-5.3183553814888,-6.870689749717712,0.00990783330053091,6.614177942276001,-6.541565179824829,0.0014522564597427845
10,-1.4302277565002441,-5.105251610279083,-6.634300231933594,0.009882084093987942,6.639693379402161,-6.57067596912384,0.0013803478213958442
11,-1.4781900644302368,-5.361569583415985,-6.945974826812744,0.010621519759297371,7.004464268684387,-6.941310167312622,0.0012630829005502164
12,-1.4534580707550049,-6.340136528015137,-7.908312082290649,0.011471753008663654,6.214375078678131,-6.148167550563812,0.0013241470442153513
13,-1.4567281603813171,-5.976898431777954,-7.543613910675049,0.010998729150742292,7.37611448764801,-7.313959956169128,0.001243093516677618
14,-1.4654672145843506,-6.3364481925964355,-7.898564338684082,0.009664895478636026,7.921698451042175,-7.860318183898926,0.0012276037014089525
15,-1.4823464751243591,-6.915022492408752,-8.504508972167969,0.010714002419263124,8.694134593009949,-8.6261385679245,0.0013599234516732395
16,-1.5139902234077454,-7.905576109886169,-9.534462928771973,0.011489659547805786,8.032209038734436,-7.942987084388733,0.00178444420453161
17,-1.4876981377601624,-7.5880314111709595,-9.194830179214478,0.011910061817616224,9.128207921981812,-9.051137447357178,0.0015414110966958106
18,-1.4616310000419617,-7.053807497024536,-8.642078161239624,0.012663968838751316,8.49976372718811,-8.434053182601929,0.0013142137322574854
19,-1.4416003823280334,-7.07923698425293,-8.659127950668335,0.01382906036451459,8.44333553314209,-8.38442087173462,0.001178294827695936
20,-1.4487361907958984,-6.946953654289246,-8.528465032577515,0.013277519959956408,7.686067461967468,-7.628039479255676,0.0011605597683228552
21,-1.4440972208976746,-6.963382005691528,-8.606578826904297,0.01990995742380619,8.431873798370361,-8.369178652763367,0.0012539027957245708
22,-1.4436336159706116,-6.382902026176453,-7.9540112018585205,0.012747552711516619,8.264784812927246,-8.192606687545776,0.0014435648336075246
23,-1.4566242694854736,-7.49670934677124,-9.086423635482788,0.013308999594300985,9.123225927352905,-9.055461168289185,0.0013552946620620787
24,-1.5090566277503967,-7.8360419273376465,-9.483760356903076,0.013866179157048464,9.277476787567139,-9.218752145767212,0.0011744911316782236
25,-0.9373624920845032,-8.833521366119385,-10.21035122871399,0.04394674114882946,10.842438697814941,-10.771848678588867,0.00141180120408535
26,-1.5087823867797852,-8.003485560417175,-9.641295909881592,0.012902797665446997,9.556143045425415,-9.465261697769165,0.0018176286830566823
27,-1.5018463730812073,-7.6250752210617065,-9.265771389007568,0.013884975109249353,9.177961349487305,-9.051398038864136,0.0025312633952125907
28,-1.4482381939888,-6.867564797401428,-8.48216462135315,0.01663616206496954,8.74155855178833,-8.672930240631104,0.0013725629542022943
29,-1.5015074014663696,-8.542139053344727,-10.203954458236694,0.016030805185437202,10.566014528274536,-10.513671636581421,0.0010468641994521022
30,-1.491797685623169,-8.485126495361328,-10.125906467437744,0.014898230321705341,9.872718334197998,-9.808460474014282,0.0012851522187702358
31,-1.4019164443016052,-7.327074289321899,-8.925613164901733,0.019662241218611598,9.053719282150269,-8.972844362258911,0.0016174985794350505
32,-1.3979042172431946,-6.803308606147766,-8.40743374824524,0.02062209229916334,8.805458545684814,-8.731079578399658,0.0014875835040584207
33,-1.3982561230659485,-7.968069314956665,-9.60001802444458,0.023369256872683764,9.422529458999634,-9.359609842300415,0.0012583907810039818
34,-1.3442065119743347,-7.6053725481033325,-9.2007155418396,0.02511365246027708,8.935217142105103,-8.878857612609863,0.0011271937401033938
35,-1.2957049310207367,-7.0274879932403564,-8.613987922668457,0.029079496976919472,9.214611291885376,-9.155978202819824,0.001172659802250564
36,-1.2232284545898438,-8.760595321655273,-10.50362253189087,0.051979875192046165,9.578784942626953,-9.515836238861084,0.0012589730322360992
37,-1.4282119870185852,-7.23430061340332,-8.833670139312744,0.017115754541009665,8.95721983909607,-8.858226537704468,0.001979866938199848
38,-1.4944092631340027,-7.860973119735718,-9.502032279968262,0.014664986170828342,9.859126329421997,-9.741832494735718,0.0023458737414330244
39,-1.4306302070617676,-7.8151503801345825,-9.403423309326172,0.01576427323743701,9.689968585968018,-9.626195907592773,0.001275453541893512
40,-1.4699480533599854,-8.178204774856567,-9.817989826202393,0.016983698587864637,9.804125308990479,-9.747286796569824,0.0011367693077772856
41,-1.4077209830284119,-9.596646308898926,-11.316416263580322,0.031204895116388798,11.33603549003601,-11.277715682983398,0.0011663930490612984
42,-1.467458724975586,-9.303994178771973,-10.948850393295288,0.01773974858224392,10.70574402809143,-10.642946481704712,0.0012559516471810639
43,-1.4230389595031738,-8.366039991378784,-9.989551305770874,0.020047237165272236,9.90025281906128,-9.820384740829468,0.0015973628032952547
44,-1.3915725946426392,-8.348071098327637,-9.956527948379517,0.021688425913453102,9.845338344573975,-9.7652108669281,0.001602553529664874
45,-1.365075260400772,-8.971925020217896,-10.615268230438232,0.027826796052977443,10.66129755973816,-10.594084739685059,0.0013442516792565584
46,-1.3586591482162476,-10.170319318771362,-11.868396997451782,0.033941853791475296,10.500713586807251,-10.437715291976929,0.0012599657056853175
47,-1.4675244092941284,-8.640511274337769,-10.268596887588501,0.016056123422458768,10.273423671722412,-10.18440294265747,0.0017804092494770885
48,-1.462436020374298,-8.865906238555908,-10.498764753341675,0.017042248509824276,10.423951387405396,-10.312753200531006,0.002223963267169893
49,-1.4063173532485962,-8.502161264419556,-10.112739086151123,0.02042604796588421,10.453750371932983,-10.380230903625488,0.0014703926863148808
