Date,initial_jobless_claims,crb_commodity_index,cdx_ig,usd_3m_libor,fed_funds,usd_2y_swap,USSWAP10 CMPN Curncy,cdx_hy
2007-11-02,327.0,353.57,69.722,4.865,4.0,4.3995,-0.040000000000000036,96.768
2007-11-09,333.0,354.54,78.156,4.87938,4.5,4.229,-0.04300000000000015,95.408
2007-11-16,332.0,349.43,76.999,4.94875,4.5,4.2005,-0.05750000000000011,95.163
2007-11-23,352.0,354.29,86.88,5.04,4.625,4.021,-0.13949999999999996,93.574
2007-11-30,344.0,339.84,75.973,5.13125,4.5,3.895,-0.17400000000000038,95.609
2007-12-07,332.0,342.92,76.204,5.14063,4.375,4.08,0.23550000000000004,95.319
2007-12-14,350.0,348.6,75.15,4.96625,4.0,4.197,0.09000000000000075,95.319
2007-12-21,355.0,354.23,78.206,4.8575,4.0,4.012,-0.09100000000000019,95.319
2007-12-28,360.0,358.51,77.556,4.72875,4.0,3.87,-0.10000000000000053,95.319
2008-01-04,346.0,366.22,87.132,4.62,4.125,3.543,-0.22499999999999964,93.85
2008-01-11,322.0,365.15,95.923,4.2575,4.125,3.255,-0.11399999999999988,93.275
2008-01-18,321.0,360.87,109.522,3.89375,4.3125,3.021,-0.13750000000000018,91.195
2008-01-25,366.0,361.64,104.09,3.30625,3.75,2.886,-0.09149999999999991,91.195
2008-02-01,350.0,364.34,106.356,3.095,2.5,2.7955,0.06599999999999984,91.219
2008-02-08,344.0,375.67,128.399,3.08813,2.875,2.692,0.08499999999999996,91.219
2008-02-15,339.0,384.22,144.586,3.07,3.0,2.742,0.1745000000000001,91.219
2008-02-22,354.0,398.68,154.677,3.08,2.5,2.9225,0.06550000000000011,91.219
2008-02-29,345.0,412.75,160.557,3.0575,3.0,2.5095,-0.32899999999999974,91.219
2008-03-07,348.0,411.65,179.316,2.93875,2.875,2.5635,0.1689999999999996,91.219
2008-03-14,369.0,416.4,189.091,2.76375,2.0,2.375,-0.23899999999999988,91.219
2008-03-21,368.0,381.74,160.059,2.60625,0.5,2.483,-0.17649999999999988,91.219
2008-03-28,387.0,394.54,141.498,2.6975,0.25,2.483,0.13149999999999995,91.219
2008-04-04,354.0,395.09,110.501,2.7275,2.0,2.617,-0.008000000000000007,91.219
2008-04-11,365.0,407.45,128.792,2.71313,3.0,2.576,0.01100000000000012,91.219
2008-04-18,349.0,419.36,105.407,2.9075,2.5,3.0435,0.25150000000000006,91.219
2008-04-25,370.0,417.8,99.768,2.9125,2.25,3.2985,0.15749999999999975,91.219
2008-05-02,370.0,408.13,88.164,2.77,0.75,3.248,-0.04600000000000026,91.219
2008-05-09,366.0,427.48,103.689,2.685,1.0,3.043,-0.09999999999999964,91.219
2008-05-16,367.0,426.43,93.699,2.695,0.5,3.2395,0.06299999999999972,91.219
2008-05-23,369.0,431.07,108.453,2.64563,2.0,3.248,0.04150000000000009,91.219
2008-05-30,362.0,422.17,100.714,2.68063,1.0,3.4595,0.23099999999999987,91.219
2008-06-06,382.0,441.51,110.518,2.69563,2.0,3.323,-0.044500000000000206,91.219
2008-06-13,378.0,445.87,111.524,2.81375,1.0,3.971,0.29300000000000015,91.219
2008-06-20,381.0,455.38,120.009,2.80188,2.0,3.801,-0.09249999999999936,91.219
2008-06-27,392.0,464.4,141.57,2.79125,1.0,3.549,-0.18950000000000067,91.219
2008-07-04,371.0,472.36,147.158,2.78938,1.0,3.528,0.06850000000000023,91.219
2008-07-11,385.0,461.43,139.818,2.79063,2.0,3.4695,-0.09799999999999986,91.219
2008-07-18,402.0,427.17,137.17,2.79063,2.0,3.645,0.21399999999999952,91.219
2008-07-25,434.0,412.22,135.088,2.79313,1.5,3.618,-0.06199999999999939,91.219
2008-08-01,448.0,416.02,132.583,2.79438,0.5,3.4275,-0.1379999999999999,91.219
2008-08-08,430.0,387.42,133.128,2.80375,1.875,3.443,0.0039999999999995595,91.219
2008-08-15,424.0,382.3,134.599,2.80875,1.75,3.3855,-0.08000000000000007,91.219
2008-08-22,421.0,394.8,141.647,2.81,1.9375,3.411,0.0019999999999997797,91.219
2008-08-29,442.0,391.71,142.927,2.81063,1.5,3.323,-0.10049999999999937,91.219
2008-09-05,441.0,367.7,145.993,2.81438,1.875,3.2605,-0.11050000000000004,91.219
2008-09-12,449.0,360.02,149.708,2.81875,2.0,3.178,-0.020500000000000185,91.219
2008-09-19,483.0,359.58,157.116,3.21,0.5,3.352,0.11800000000000033,91.219
2008-09-26,483.0,364.57,161.972,3.76188,0.0625,3.501,0.05600000000000005,91.219
2008-10-03,482.0,326.51,166.443,4.33375,1.5,3.099,-0.26150000000000073,91.219
2008-10-10,461.0,289.89,207.129,4.81875,0.5,3.122,0.15800000000000036,91.219
2008-10-17,478.0,282.14,195.121,4.41875,0.25,2.85,0.04499999999999993,91.219
2008-10-24,480.0,256.0,219.987,3.51625,0.5,2.7715,-0.2999999999999998,91.219
2008-10-31,490.0,268.39,200.936,3.02625,0.125,2.761,0.29549999999999965,91.219
2008-11-07,512.0,256.84,190.236,2.29,0.5,2.4015,-0.2519999999999998,91.219
2008-11-14,536.0,247.58,199.392,2.23625,0.25,2.3795,-0.13999999999999968,91.219
2008-11-21,532.0,231.38,272.181,2.1575,0.5,2.1578,-0.6500000000000004,91.219
2008-11-28,529.0,244.94,234.004,2.21688,0.5,2.0815,-0.30500000000000016,91.219
2008-12-05,570.0,208.6,279.313,2.18563,0.0625,2.158,-0.10499999999999998,91.219
2008-12-12,566.0,226.96,263.142,1.92125,0.0625,1.816,-0.25849999999999973,91.219
2008-12-19,587.0,218.87,214.505,1.4975,0.0625,1.525,-0.35450000000000026,91.219
2008-12-26,533.0,215.28,208.975,1.4675,0.05,1.5495,0.12200000000000033,91.219
2009-01-02,503.0,233.92,205.048,1.4125,0.03125,1.6165,0.22499999999999964,91.219
2009-01-09,551.0,230.08,201.918,1.26,0.0625,1.2935,-0.2054999999999998,91.219
2009-01-16,591.0,221.09,214.339,1.1425,0.125,1.3215,-0.08099999999999996,91.219
2009-01-23,586.0,225.79,207.872,1.16938,0.125,1.455,0.31099999999999994,91.219
2009-01-30,629.0,220.37,198.611,1.18438,0.125,1.646,0.31300000000000017,91.219
2009-02-06,637.0,224.36,194.169,1.24125,0.2,1.5995,0.13049999999999962,91.219
2009-02-13,632.0,213.14,199.388,1.2375,0.25,1.6456,-0.07249999999999979,73.139
2009-02-20,655.0,202.47,212.29,1.24875,0.15,1.59,-0.10199999999999987,72.318
2009-02-27,652.0,211.57,225.282,1.26438,0.125,1.669,0.29000000000000004,71.63
2009-03-06,660.0,209.59,250.447,1.2925,0.22,1.729,-0.2070000000000003,67.376
2009-03-13,651.0,211.08,237.037,1.31563,0.125,1.6502,0.001000000000000334,69.716
2009-03-20,661.0,226.08,198.268,1.22281,0.1875,1.5106,-0.17550000000000043,68.508
2009-03-27,665.0,222.26,183.62,1.22,0.1,1.454,0.0054000000000002935,72.523
2009-04-03,653.0,228.93,186.813,1.16094,0.15,1.523,0.1187999999999998,73.652
2009-04-10,599.0,227.88,181.83,1.13125,0.15,1.5109,-0.0007999999999999119,74.615
2009-04-17,639.0,225.85,177.276,1.10188,0.1,1.563,0.04159999999999986,75.556
2009-04-24,620.0,222.86,174.558,1.0725,0.125,1.569,0.033500000000000085,76.002
2009-05-01,602.0,229.04,164.212,1.00688,0.19,1.4883,0.15700000000000003,79.08
2009-05-08,625.0,243.23,142.939,0.9375,0.15,1.4395,0.10199999999999987,82.176
2009-05-15,620.0,236.24,156.888,0.82563,0.15,1.272,-0.17399999999999993,78.194
2009-05-22,606.0,244.1,147.255,0.66,0.15,1.2932,0.36850000000000005,79.646
2009-05-29,607.0,253.05,137.407,0.65625,0.1875,1.324,0.05549999999999988,81.703
2009-06-05,596.0,257.92,120.625,0.6325,0.25,1.7685,0.5604999999999998,84.411
2009-06-12,595.0,262.25,122.398,0.62438,0.18,1.692,-0.14169999999999927,85.96
2009-06-19,608.0,252.79,141.197,0.61188,0.21875,1.682,-0.029800000000000715,81.615
2009-06-26,594.0,251.31,139.493,0.5975,0.1875,1.484,-0.3019999999999996,82.816
2009-07-03,573.0,245.86,137.374,0.55875,0.17,1.445,-0.03200000000000003,83.605
2009-07-10,546.0,233.51,144.384,0.505,0.15,1.2895,-0.22849999999999993,83.417
2009-07-17,560.0,245.05,130.751,0.50375,0.125,1.456,0.4045000000000001,85.146
2009-07-24,587.0,251.91,118.017,0.50188,0.14,1.441,-0.0024999999999999467,87.917
2009-07-31,555.0,257.45,110.586,0.47938,0.1875,1.466,-0.15800000000000036,90.635
2009-08-07,555.0,264.35,105.053,0.46125,0.15,1.754,0.3245,91.344
2009-08-14,562.0,257.75,116.592,0.42938,0.125,1.467,-0.2544999999999997,88.229
2009-08-21,560.0,259.24,114.346,0.39313,0.125,1.5325,0.029999999999999805,89.176
2009-08-28,564.0,257.81,115.604,0.3475,0.125,1.3755,-0.1499999999999999,88.458
2009-09-04,558.0,247.58,121.665,0.31438,0.15,1.284,-0.03149999999999986,87.499
2009-09-11,542.0,251.12,110.525,0.299,0.13,1.2265,-0.12110000000000021,91.854
2009-09-18,536.0,259.99,103.022,0.28938,0.15,1.3685,0.15310000000000024,94.225
2009-09-25,554.0,250.5,99.831,0.2825,0.13,1.303,-0.19200000000000017,94.38
2009-10-02,533.0,252.88,107.17,0.28406,0.125,1.2285,-0.10199999999999987,91.579
2009-10-09,511.0,262.55,102.321,0.28438,0.12,1.336,0.1785000000000001,93.044
2009-10-16,531.0,276.1,98.462,0.28406,0.12,1.3475,0.037499999999999645,94.308
2009-10-23,530.0,280.34,99.639,0.28188,0.1,1.375,0.07250000000000023,94.285
2009-10-30,522.0,270.38,108.208,0.28063,0.11,1.247,-0.1062000000000003,91.98
2009-11-06,512.0,269.44,102.934,0.27406,0.12,1.1795,0.09220000000000006,92.47
2009-11-13,507.0,269.12,99.02,0.2725,0.1,1.1405,-0.12049999999999983,93.272
2009-11-20,482.0,274.58,102.496,0.26219,0.12,1.048,-0.05449999999999999,93.117
2009-11-27,475.0,275.25,106.497,0.25563,0.12,1.015,-0.1884999999999999,92.604
2009-12-04,497.0,273.87,99.5,0.25656,0.1,1.216,0.32699999999999996,95.157
2009-12-11,498.0,270.86,93.815,0.25363,0.13,1.1515,0.05589999999999984,96.647
2009-12-18,479.0,276.13,88.449,0.25125,0.1,1.127,-0.006399999999999739,98.277
2009-12-25,468.0,280.92,82.634,0.25063,0.12,1.3278,0.28249999999999975,100.042
2010-01-01,456.0,283.38,85.617,0.25063,0.1,1.4359,0.02200000000000024,99.302
2010-01-08,469.0,290.77,77.625,0.25125,0.1,1.245,-0.032500000000000195,100.641
2010-01-15,507.0,281.41,83.5,0.25125,0.12,1.137,-0.15200000000000014,99.917
2010-01-22,471.0,275.56,96.012,0.24906,0.11,1.1155,-0.054999999999999716,96.958
2010-01-29,496.0,265.58,96.75,0.24906,0.12,1.103,-0.025500000000000078,96.853
2010-02-05,466.0,258.55,101.637,0.24969,0.125,1.0715,-0.044500000000000206,96.089
2010-02-12,489.0,267.92,98.979,0.25,0.12,1.12,0.12600000000000033,94.948
2010-02-19,500.0,277.8,90.926,0.25194,0.1,1.2135,0.09099999999999975,97.479
2010-02-26,488.0,274.78,91.5,0.25169,0.12,1.061,-0.1795,97.273
2010-03-05,472.0,276.93,85.367,0.25363,0.15,1.117,0.02300000000000013,99.23
2010-03-12,478.0,273.31,83.411,0.25719,0.18,1.163,0.023499999999999854,99.729
2010-03-19,472.0,272.63,86.791,0.2775,0.18,1.191,-0.012499999999999734,98.535
2010-03-26,459.0,267.32,87.083,0.28875,0.15,1.19,0.053999999999999826,99.856
2010-04-02,479.0,276.43,85.124,0.2915,0.2,1.2675,0.16349999999999998,98.745
2010-04-09,479.0,276.13,85.4,0.29781,0.18,1.207,-0.08499999999999996,99.728
2010-04-16,469.0,276.29,87.269,0.30531,0.2,1.105,-0.12950000000000017,100.444
2010-04-23,449.0,279.05,88.739,0.32063,0.2,1.2525,0.07299999999999995,100.979
2010-04-30,451.0,277.71,91.93,0.34656,0.2,1.197,-0.15300000000000002,99.972
2010-05-07,451.0,261.32,118.578,0.42813,0.2,1.1735,-0.18120000000000003,94.742
2010-05-14,474.0,258.55,108.135,0.44506,0.2,1.1315,0.015200000000000102,96.693
2010-05-21,463.0,251.42,119.667,0.49688,0.2,1.1715,-0.2094999999999998,93.271
2010-05-28,458.0,254.8,116.474,0.53625,0.18,1.2315,0.08699999999999974,94.9
2010-06-04,459.0,248.94,125.785,0.53656,0.2,1.1905,-0.05349999999999966,93.667
2010-06-11,467.0,255.92,124.46,0.53706,0.18,1.124,0.013499999999999623,93.75
2010-06-18,452.0,262.93,109.479,0.53819,0.16,1.0515,-0.05749999999999966,96.875
2010-06-25,464.0,265.61,113.944,0.53469,0.15,1.023,-0.09699999999999998,95.854
2010-07-02,454.0,254.48,122.555,0.53363,0.22,0.999,-0.11699999999999999,94.089
2010-07-09,439.0,260.62,110.137,0.52681,0.18,0.9495,0.04999999999999982,96.917
2010-07-16,462.0,262.22,113.075,0.52125,0.2,0.83,-0.16500000000000004,96.075
2010-07-23,465.0,266.62,106.308,0.49313,0.2,0.8295,0.06199999999999983,97.25
2010-07-30,476.0,274.35,103.972,0.45375,0.21,0.733,-0.11249999999999982,97.834
2010-08-06,483.0,274.71,104.12,0.41125,0.19,0.708,-0.07200000000000006,98.125
2010-08-13,486.0,268.79,108.438,0.36938,0.2,0.7365,-0.16900000000000004,97.167
2010-08-20,464.0,267.01,109.156,0.32922,0.2,0.67,-0.020299999999999763,97.125
2010-08-27,467.0,267.27,111.44,0.29688,0.21,0.7205,0.03180000000000005,96.5
2010-09-03,452.0,272.77,104.218,0.29281,0.21,0.6965,0.017999999999999794,97.875
2010-09-10,444.0,275.14,102.987,0.29219,0.2,0.7765,0.09880000000000022,97.875
2010-09-17,459.0,279.65,104.012,0.29156,0.22,0.6825,-0.023800000000000043,97.42
2010-09-24,459.0,283.63,108.59,0.28938,0.21,0.629,-0.11299999999999999,98.263
2010-10-01,446.0,285.69,105.083,0.29063,0.2,0.617,-0.05449999999999999,97.788
2010-10-08,459.0,295.11,96.667,0.28906,0.2,0.5115,-0.09200000000000008,99.062
2010-10-15,444.0,296.06,98.917,0.28906,0.22,0.5485,0.13739999999999997,99.521
2010-10-22,432.0,297.23,96.583,0.28844,0.19,0.5365,-0.01089999999999991,100.0
2010-10-29,453.0,300.67,94.333,0.28594,0.22,0.501,0.05899999999999972,100.5
2010-11-05,434.0,313.56,85.667,0.28563,0.18,0.526,-0.016000000000000014,102.771
2010-11-12,432.0,303.6,94.0,0.28438,0.2,0.7285,0.2610000000000001,100.667
2010-11-19,407.0,298.89,89.336,0.28438,0.2,0.6865,0.10400000000000009,100.77
2010-11-26,432.0,301.13,95.584,0.29438,0.22,0.786,-0.006000000000000227,99.246
2010-12-03,428.0,316.16,91.553,0.30344,0.17,0.694,0.13500000000000023,101.062
2010-12-10,425.0,314.91,87.253,0.30156,0.17,0.8665,0.2709999999999999,101.753
2010-12-17,424.0,320.62,86.48,0.30375,0.21,0.8365,-0.0040000000000000036,102.271
2010-12-24,404.0,329.38,85.51,0.30281,0.17,0.908,0.04200000000000026,102.623
2010-12-31,413.0,332.8,85.0,0.30281,0.01,0.804,-0.09300000000000042,102.937
2011-01-07,434.0,323.94,88.49,0.30313,0.19,0.8555,0.02900000000000036,102.77
2011-01-14,421.0,333.06,83.27,0.30313,0.16,0.8005,-0.008599999999999941,103.73
2011-01-21,446.0,333.99,82.99,0.30313,0.18,0.8405,0.08209999999999962,103.593
2011-01-28,420.0,335.44,86.21,0.30438,0.17,0.7715,-0.05799999999999983,103.239
2011-02-04,402.0,338.92,81.59,0.3115,0.16,0.9555,0.3189000000000002,104.209
2011-02-11,425.0,337.78,80.123,0.313,0.16,1.0415,0.007800000000000029,104.75
2011-02-18,394.0,341.78,79.625,0.3125,0.14,0.959,-0.0647000000000002,104.876
2011-02-25,385.0,351.29,83.083,0.3105,0.15,0.906,-0.1459999999999999,103.938
2011-03-04,414.0,362.88,83.542,0.3095,0.16,0.8945,0.07699999999999996,103.865
2011-03-11,404.0,351.88,86.076,0.3095,0.15,0.8335,-0.09600000000000009,103.241
2011-03-18,407.0,351.15,86.438,0.309,0.15,0.798,-0.14549999999999974,102.992
2011-03-25,399.0,359.57,95.0,0.3075,0.125,0.928,0.1795,103.547
2011-04-01,395.0,360.89,94.167,0.301,0.05,0.9835,-0.0050000000000003375,102.655
2011-04-08,416.0,368.7,93.628,0.28525,0.08,0.9915,0.133,102.856
2011-04-15,402.0,362.78,93.965,0.27475,0.12,0.873,-0.18299999999999983,102.396
2011-04-22,422.0,367.44,93.138,0.27375,0.11,0.8395,-0.022499999999999964,102.588
2011-04-29,468.0,370.56,87.833,0.273,0.1,0.777,-0.10950000000000015,103.399
2011-05-06,435.0,337.35,90.438,0.267,0.1,0.74,-0.12400000000000011,102.696
2011-05-13,414.0,338.53,89.656,0.2605,0.08,0.728,0.010000000000000231,102.883
2011-05-20,423.0,341.56,89.75,0.2575,0.1,0.7085,-0.0129999999999999,102.334
2011-05-27,418.0,346.27,90.688,0.25388,0.1,0.677,-0.08050000000000024,102.047
2011-06-03,423.0,348.61,94.917,0.252,0.11,0.6245,-0.045500000000000096,101.141
2011-06-10,413.0,348.04,98.938,0.2485,0.09,0.595,-0.03349999999999964,99.708
2011-06-17,416.0,335.48,99.133,0.2465,0.11,0.6445,0.013499999999999623,99.688
2011-06-24,421.0,329.89,101.25,0.24625,0.08,0.6415,-0.08349999999999991,99.375
2011-07-01,418.0,336.71,89.583,0.24575,0.09,0.726,0.2925,102.292
2011-07-08,408.0,343.55,92.313,0.24605,0.08,0.6385,-0.13199999999999967,101.766
2011-07-15,420.0,346.3,97.5,0.24975,0.08,0.649,-0.12400000000000011,100.365
2011-07-22,411.0,347.93,92.667,0.253,0.08,0.6205,0.014499999999999957,101.5
2011-07-29,406.0,342.08,95.917,0.2555,0.11,0.591,-0.13450000000000006,100.334
2011-08-05,405.0,326.8,102.833,0.27161,0.1,0.537,-0.19399999999999995,96.859
2011-08-12,409.0,326.53,115.417,0.29006,0.13,0.444,-0.3174000000000001,94.063
2011-08-19,415.0,329.47,123.0,0.303,0.1,0.481,-0.2115999999999998,92.336
2011-08-26,409.0,335.25,126.375,0.32278,0.1,0.4955,0.15300000000000002,91.484
2011-09-02,414.0,338.06,121.167,0.33056,0.1,0.504,-0.1655000000000002,93.794
2011-09-09,429.0,334.24,131.625,0.33794,0.11,0.517,-0.04999999999999982,91.359
2011-09-16,422.0,329.55,125.417,0.35133,0.11,0.497,0.09830000000000005,93.698
2011-09-23,406.0,301.87,141.417,0.36022,0.1,0.516,-0.22030000000000038,91.813
2011-09-30,405.0,298.15,144.5,0.37433,0.08,0.578,0.08950000000000014,87.453
2011-10-07,410.0,303.52,139.25,0.39111,0.07,0.679,0.1705000000000001,87.422
2011-10-14,395.0,317.18,130.167,0.40472,0.07,0.651,0.15010000000000012,90.979
2011-10-21,403.0,311.08,131.083,0.41833,0.07,0.6475,-0.012100000000000222,91.375
2011-10-28,399.0,323.07,113.833,0.42944,0.07,0.6005,0.05449999999999999,95.375
2011-11-04,392.0,320.44,123.25,0.4375,0.07,0.5895,-0.2759999999999998,93.229
2011-11-11,383.0,320.2,129.307,0.45722,0.07,0.711,0.01849999999999996,91.083
2011-11-18,385.0,312.21,136.0,0.48778,0.06,0.771,-0.021500000000000075,89.997
2011-11-25,397.0,305.45,147.5,0.51806,0.07,0.819,-0.03049999999999997,87.52
2011-12-02,387.0,313.55,125.583,0.52833,0.06,0.6995,0.04800000000000004,91.946
2011-12-09,368.0,306.43,122.0,0.54175,0.06,0.649,-0.021500000000000075,92.359
2011-12-16,368.0,295.0,131.667,0.56315,0.06,0.721,-0.16199999999999992,90.531
2011-12-23,386.0,306.08,121.667,0.57575,0.06,0.7935,0.16849999999999987,92.366
2011-12-30,376.0,305.3,119.833,0.581,0.01,0.726,-0.16699999999999982,92.963
2012-01-06,391.0,309.48,120.0,0.5815,0.06,0.6775,0.06949999999999967,93.57
2012-01-13,367.0,307.7,115.958,0.567,0.06,0.5675,-0.08549999999999969,93.898
2012-01-20,381.0,309.91,106.083,0.5611,0.07,0.597,0.14250000000000007,96.263
2012-01-27,372.0,317.81,100.333,0.5511,0.08,0.537,-0.14550000000000018,97.593
2012-02-03,368.0,314.22,94.417,0.527,0.1,0.503,0.0129999999999999,98.75
2012-02-10,361.0,312.14,98.625,0.506,0.11,0.55,0.04899999999999993,97.026
2012-02-17,359.0,317.39,98.573,0.4931,0.1,0.5785,0.012500000000000178,97.167
2012-02-24,365.0,325.91,95.917,0.4906,0.1,0.6185,-0.0009999999999998899,98.115
2012-03-02,375.0,321.17,93.875,0.47575,0.1,0.5235,-0.02200000000000024,97.945
2012-03-09,369.0,317.61,95.664,0.47355,0.12,0.577,0.04600000000000026,97.021
2012-03-16,368.0,317.93,88.584,0.47365,0.13,0.615,0.24899999999999967,98.343
2012-03-23,363.0,314.47,91.217,0.47315,0.13,0.6105,-0.046499999999999986,98.364
2012-03-30,358.0,308.46,91.334,0.46815,0.08,0.5815,-0.020999999999999908,96.881
2012-04-06,387.0,306.49,98.925,0.46915,0.1,0.608,-0.14749999999999996,95.292
2012-04-13,381.0,302.85,101.559,0.46615,0.15,0.5675,-0.04049999999999976,94.872
2012-04-20,387.0,301.2,99.75,0.46565,0.12,0.5675,-0.019000000000000128,94.934
2012-04-27,372.0,305.51,94.293,0.46585,0.13,0.5545,-0.014499999999999957,96.78
2012-05-04,373.0,297.15,98.846,0.46585,0.15,0.547,-0.04850000000000021,96.075
2012-05-11,369.0,291.8,108.576,0.46685,0.15,0.612,-0.03399999999999981,94.777
2012-05-18,371.0,290.43,123.394,0.46685,0.16,0.665,-0.13450000000000006,91.803
2012-05-25,381.0,281.95,117.416,0.46685,0.16,0.639,0.04249999999999998,93.565
2012-06-01,377.0,268.31,126.5,0.46785,0.17,0.625,-0.22049999999999992,91.99
2012-06-08,383.0,272.88,120.598,0.46785,0.17,0.58,0.15249999999999986,94.473
2012-06-15,384.0,272.23,117.726,0.46785,0.18,0.544,-0.09349999999999992,94.716
2012-06-22,380.0,267.97,115.335,0.4616,0.17,0.5485,0.07850000000000001,95.554
2012-06-29,372.0,284.19,112.301,0.4606,0.1,0.549,-0.029000000000000137,96.484
2012-07-06,360.0,286.92,112.659,0.4576,0.18,0.521,-0.07650000000000001,96.408
2012-07-13,390.0,293.96,111.878,0.4551,0.18,0.4635,-0.08549999999999991,96.5
2012-07-20,368.0,304.57,111.319,0.4521,0.14,0.4425,-0.02499999999999991,96.39
2012-07-27,372.0,299.6,105.117,0.4466,0.16,0.4405,0.0754999999999999,97.353
2012-08-03,371.0,300.69,103.584,0.43935,0.15,0.446,0.04600000000000004,97.699
2012-08-10,369.0,301.81,102.438,0.437,0.14,0.4695,0.05600000000000005,97.995
2012-08-17,376.0,303.48,99.649,0.4345,0.14,0.4955,0.15349999999999997,98.366
2012-08-24,377.0,306.04,101.0,0.42485,0.15,0.451,-0.131,98.079
2012-08-31,371.0,309.59,101.827,0.41825,0.15,0.401,-0.13250000000000006,98.278
2012-09-07,393.0,311.67,93.033,0.40775,0.16,0.4035,0.11729999999999996,100.065
2012-09-14,392.0,320.92,83.05,0.38525,0.16,0.376,0.1262000000000001,102.243
2012-09-21,377.0,308.98,96.376,0.36925,0.16,0.389,-0.13450000000000006,101.714
2012-09-28,376.0,309.3,99.15,0.3585,0.08,0.3665,-0.06499999999999995,99.844
2012-10-05,350.0,307.62,95.116,0.35125,0.16,0.4,0.10250000000000004,100.666
2012-10-12,386.0,306.55,97.281,0.33425,0.15,0.38,-0.09899999999999998,99.883
2012-10-19,374.0,306.05,93.775,0.31725,0.17,0.4,0.08099999999999996,100.661
2012-10-26,364.0,296.84,98.056,0.31325,0.16,0.402,-0.0020000000000000018,99.265
2012-11-02,365.0,292.29,97.524,0.31275,0.17,0.389,-0.03869999999999996,99.485
2012-11-09,446.0,292.22,106.617,0.31,0.17,0.3805,-0.10180000000000011,97.86
2012-11-16,406.0,293.56,109.221,0.3115,0.17,0.376,-0.01629999999999998,97.317
2012-11-23,388.0,299.07,99.084,0.3115,0.17,0.401,0.09909999999999997,99.561
2012-11-30,375.0,298.98,98.618,0.3105,0.17,0.3705,-0.06349999999999989,100.007
2012-12-07,340.0,294.7,98.167,0.3095,0.17,0.357,0.012599999999999945,100.564
2012-12-14,356.0,294.89,95.137,0.308,0.17,0.358,0.0766,100.788
2012-12-21,362.0,294.13,92.762,0.31,0.17,0.4105,0.06600000000000006,101.155
2012-12-28,362.0,294.78,99.414,0.308,0.16,0.3945,-0.05700000000000016,99.396
2013-01-04,363.0,294.13,85.551,0.305,0.17,0.402,0.17300000000000004,102.446
2013-01-11,344.0,296.66,87.198,0.304,0.16,0.384,-0.03359999999999985,102.459
2013-01-18,339.0,301.2,87.135,0.302,0.16,0.397,-0.007200000000000095,102.603
2013-01-25,366.0,299.31,84.876,0.3005,0.15,0.432,0.11569999999999991,102.951
2013-02-01,361.0,305.0727,86.166,0.2955,0.16,0.423,0.08810000000000029,102.761
2013-02-08,347.0,301.0635,89.392,0.292,0.15,0.4055,-0.06520000000000037,102.113
2013-02-15,362.0,298.4513,86.76,0.2901,0.17,0.4253,0.033800000000000274,102.604
2013-02-22,342.0,293.5219,86.344,0.2881,0.16,0.401,-0.02660000000000018,102.689
2013-03-01,340.0,290.3559,86.376,0.2841,0.16,0.3751,-0.1056999999999999,102.814
2013-03-08,343.0,294.3818,80.562,0.2801,0.16,0.3985,0.19219999999999993,103.974
2013-03-15,343.0,296.4372,78.708,0.2801,0.16,0.3926,-0.04499999999999993,104.46
2013-03-22,358.0,294.695,90.396,0.2846,0.16,0.4265,-0.02450000000000019,104.273
2013-03-29,375.0,296.3915,90.81,0.2826,0.05,0.4165,-0.05099999999999971,103.083
2013-04-05,359.0,288.2822,86.918,0.2794,0.15,0.3758,-0.12200000000000011,103.353
2013-04-12,356.0,287.2124,81.967,0.2776,0.16,0.372,0.009500000000000064,104.503
2013-04-19,343.0,283.1857,83.792,0.2761,0.15,0.3704,-0.02100000000000013,104.136
2013-04-26,331.0,285.4005,78.229,0.2756,0.14,0.359,-0.028999999999999915,105.273
2013-05-03,335.0,290.1681,71.593,0.2751,0.14,0.3567,0.07299999999999995,106.671
2013-05-10,360.0,288.6812,72.174,0.2751,0.13,0.3707,0.12349999999999994,106.756
2013-05-17,343.0,287.5953,70.319,0.2736,0.11,0.3898,0.04600000000000026,107.128
2013-05-24,353.0,284.8884,75.637,0.27275,0.09,0.405,0.0754999999999999,105.744
2013-05-31,346.0,281.8523,79.085,0.27525,0.08,0.4585,0.14169999999999972,104.794
2013-06-07,337.0,287.674,81.009,0.27515,0.09,0.4844,0.06240000000000023,104.176
2013-06-14,353.0,286.176,84.069,0.27275,0.12,0.43,-0.05860000000000021,103.722
2013-06-21,347.0,278.0803,94.0,0.27275,0.09,0.5661,0.4530000000000003,101.59
2013-06-28,340.0,275.6195,87.107,0.2731,0.01,0.51,-0.06400000000000006,102.729
2013-07-05,351.0,280.7165,86.578,0.2699,0.09,0.585,0.29700000000000015,102.867
2013-07-12,344.0,286.6563,77.936,0.2676,0.09,0.5258,-0.1886000000000001,105.28
2013-07-19,355.0,290.9233,72.605,0.2647,0.09,0.4749,-0.11540000000000017,106.457
2013-07-26,334.0,284.4629,74.227,0.265,0.09,0.4747,0.07250000000000023,105.839
2013-08-02,339.0,283.7687,72.729,0.2666,0.09,0.4685,0.00849999999999973,105.868
2013-08-09,327.0,285.3806,75.4,0.2647,0.09,0.474,-0.02400000000000002,105.109
2013-08-16,340.0,292.491,81.544,0.2641,0.09,0.5285,0.24800000000000022,103.99
2013-08-23,336.0,290.7938,78.738,0.2621,0.09,0.5607,0.014499999999999957,104.679
2013-08-30,325.0,291.1622,84.045,0.2595,0.08,0.5664,-0.028500000000000192,103.887
2013-09-06,300.0,293.3374,81.84,0.2564,0.08,0.6156,0.137,104.169
2013-09-13,323.0,291.0203,77.056,0.2539,0.08,0.593,-0.06999999999999984,105.263
2013-09-20,314.0,287.4383,79.894,0.2496,0.08,0.4875,-0.15600000000000014,106.29
2013-09-27,319.0,286.9753,81.086,0.24835,0.08,0.4675,-0.1120000000000001,104.581
2013-10-04,368.0,286.4532,79.603,0.24285,0.08,0.4625,0.031500000000000306,105.185
2013-10-11,368.0,286.6127,76.933,0.2436,0.09,0.478,0.010999999999999677,105.835
2013-10-18,351.0,286.9181,71.334,0.24055,0.1,0.445,-0.09849999999999959,107.01
2013-10-25,347.0,282.5557,71.737,0.23685,0.08,0.4315,-0.06050000000000022,106.918
2013-11-01,342.0,274.9596,73.595,0.23775,0.08,0.429,0.10250000000000004,106.374
2013-11-08,340.0,274.3857,71.783,0.2394,0.08,0.4275,0.10749999999999993,106.675
2013-11-15,331.0,274.3373,70.349,0.2381,0.09,0.396,-0.10599999999999987,106.783
2013-11-22,316.0,275.2141,68.525,0.2366,0.08,0.379,0.04150000000000009,107.079
2013-11-29,312.0,274.8817,69.575,0.2391,0.06,0.378,0.01399999999999979,107.113
2013-12-06,354.0,278.6573,69.531,0.24085,0.08,0.3988,0.09949999999999992,107.042
2013-12-13,364.0,279.6741,69.968,0.24385,0.08,0.428,0.0033000000000003027,106.938
2013-12-20,334.0,283.1249,64.51,0.24835,0.08,0.455,0.028000000000000025,107.997
2013-12-27,332.0,284.1604,63.25,0.2466,0.08,0.485,0.10219999999999985,108.311
2014-01-03,322.0,276.53,62.75,0.23985,0.08,0.5113,0.010499999999999954,108.279
2014-01-10,318.0,275.4228,63.957,0.24165,0.07,0.492,-0.11500000000000021,108.28
2014-01-17,327.0,278.4095,65.2,0.2366,0.06,0.504,-0.02149999999999963,107.931
2014-01-24,340.0,282.5352,72.874,0.23535,0.06,0.49,-0.09100000000000019,106.482
2014-01-31,331.0,283.3118,71.354,0.2366,0.04,0.459,-0.0535000000000001,106.408
2014-02-07,337.0,289.7749,67.649,0.23385,0.06,0.425,0.02950000000000008,107.245
2014-02-14,332.0,293.2383,63.816,0.23585,0.06,0.448,0.03500000000000014,107.881
2014-02-21,341.0,301.5844,65.2,0.23485,0.06,0.452,-0.020000000000000018,107.586
2014-02-28,319.0,302.4259,63.463,0.23565,0.06,0.45,-0.06899999999999995,108.068
2014-03-07,322.0,307.1903,63.458,0.23565,0.07,0.509,0.13099999999999978,107.884
2014-03-14,321.0,302.8841,67.654,0.23485,0.07,0.482,-0.12270000000000003,106.972
2014-03-21,313.0,299.402,70.664,0.23285,0.07,0.5618,0.08950000000000014,107.809
2014-03-28,330.0,305.2118,70.533,0.23335,0.06,0.5713,-0.017300000000000093,107.227
2014-04-04,311.0,304.8353,67.171,0.2296,0.07,0.5384,-0.006699999999999928,107.492
2014-04-11,308.0,309.3863,69.438,0.22645,0.07,0.4908,-0.09200000000000008,106.588
2014-04-18,327.0,311.4613,67.712,0.22585,0.08,0.5475,0.10220000000000029,107.113
2014-04-25,345.0,310.6871,67.306,0.2266,0.08,0.544,-0.07250000000000023,106.81
2014-05-02,325.0,307.1379,64.227,0.22285,0.07,0.5555,-0.06820000000000004,106.882
2014-05-09,303.0,304.5652,63.756,0.2241,0.07,0.52,0.002000000000000224,107.061
2014-05-16,324.0,305.9242,64.75,0.2286,0.07,0.5105,-0.08329999999999993,106.84
2014-05-23,305.0,308.2604,63.218,0.22935,0.07,0.5065,-0.001000000000000334,107.963
2014-05-30,312.0,305.4813,62.026,0.2274,0.06,0.5132,-0.03399999999999981,108.36
2014-06-06,317.0,305.2492,57.31,0.2296,0.07,0.541,0.1177999999999999,109.029
2014-06-13,314.0,309.9839,59.767,0.2321,0.09,0.5955,-0.0007999999999999119,108.542
2014-06-20,315.0,312.9264,56.967,0.2306,0.09,0.605,-0.008700000000000152,109.071
2014-06-27,308.0,310.8182,57.688,0.2346,0.09,0.588,-0.056299999999999795,108.85
2014-07-04,302.0,306.739,55.178,0.2331,0.09,0.653,0.09600000000000009,109.195
2014-07-11,308.0,297.0738,58.396,0.2336,0.08,0.6182,-0.1080000000000001,108.534
2014-07-18,294.0,297.4164,58.448,0.2316,0.09,0.6685,-0.02950000000000008,108.167
2014-07-25,303.0,298.338,59.578,0.2341,0.08,0.6916,-0.008999999999999897,107.718
2014-08-01,295.0,292.4764,66.61,0.2381,0.08,0.6821,0.045299999999999674,106.211
2014-08-08,309.0,292.4319,64.62,0.2351,0.08,0.6765,-0.055299999999999905,106.801
2014-08-15,303.0,289.9255,59.566,0.2321,0.08,0.6313,-0.08800000000000008,107.601
2014-08-22,300.0,288.6674,57.98,0.2384,0.08,0.7135,0.058499999999999996,107.954
2014-08-29,303.0,292.7457,56.592,0.2336,0.05,0.7135,-0.0519999999999996,108.047
2014-09-05,307.0,288.0199,56.216,0.2323,0.08,0.721,0.07979999999999965,107.834
2014-09-12,288.0,281.9044,59.839,0.2346,0.08,0.801,0.16749999999999998,106.87
2014-09-19,295.0,279.4017,56.126,0.2331,0.08,0.8063,-0.03799999999999981,107.397
2014-09-26,290.0,280.2788,64.371,0.2331,0.08,0.8115,-0.05180000000000007,105.951
2014-10-03,293.0,276.3363,58.554,0.2316,0.08,0.8238,-0.06400000000000006,107.116
2014-10-10,281.0,275.5995,71.843,0.23,0.08,0.691,-0.17349999999999977,105.072
2014-10-17,290.0,272.6364,70.393,0.23135,0.08,0.636,-0.0665,105.641
2014-10-24,291.0,270.2216,64.901,0.2331,0.08,0.644,0.061499999999999666,106.928
2014-10-31,280.0,271.961,63.982,0.2321,0.05,0.7068,0.06800000000000006,106.974
2014-11-07,291.0,270.6581,65.576,0.2326,0.08,0.7165,-0.04349999999999987,107.012
2014-11-14,293.0,266.7933,65.489,0.2321,0.08,0.7295,0.010499999999999954,106.893
2014-11-21,303.0,269.105,63.75,0.23285,0.09,0.717,-0.016000000000000014,106.963
2014-11-28,291.0,254.3675,61.148,0.2336,0.08,0.6915,-0.12949999999999973,107.371
2014-12-05,291.0,252.3335,62.42,0.2356,0.11,0.8568,0.11749999999999972,106.85
2014-12-12,286.0,243.7476,72.597,0.24285,0.11,0.7773,-0.21130000000000004,104.468
2014-12-19,276.0,240.2935,64.479,0.2521,0.13,0.8725,0.0828000000000002,106.636
2014-12-26,285.0,234.6477,64.286,0.2566,0.12,0.9245,0.07629999999999981,106.825
2015-01-02,294.0,228.4138,67.022,0.2556,0.13,0.892,-0.1437999999999997,106.005
2015-01-09,304.0,225.5706,69.347,0.2541,0.06,0.7893,-0.1575000000000002,105.619
2015-01-16,298.0,224.236,71.934,0.2566,0.12,0.723,-0.11040000000000005,105.224
2015-01-23,261.0,216.6087,67.768,0.2561,0.12,0.746,-0.015800000000000036,106.106
2015-01-30,281.0,218.8402,69.361,0.2531,0.04,0.6915,-0.1529999999999998,105.681
2015-02-06,298.0,224.853,66.452,0.2556,0.1,0.8998,0.3091999999999997,106.29
2015-02-13,285.0,229.1896,65.637,0.2571,0.1,0.9043,0.08000000000000007,106.539
2015-02-20,305.0,224.7576,63.445,0.2626,0.12,0.917,0.06570000000000009,107.327
2015-02-27,317.0,224.0779,61.251,0.26185,0.06,0.8755,-0.12190000000000012,107.61
2015-03-06,293.0,220.1365,61.937,0.2646,0.1,0.9825,0.23750000000000027,108.058
2015-03-13,290.0,210.6998,65.824,0.27065,0.1,0.9315,-0.12979999999999992,107.237
2015-03-20,284.0,214.1089,62.99,0.2668,0.1,0.845,-0.20020000000000016,107.975
2015-03-27,269.0,215.1625,64.538,0.2754,0.07,0.8345,0.024700000000000166,106.762
2015-04-03,282.0,216.0883,62.901,0.27375,0.12,0.7415,-0.1030000000000002,107.233
2015-04-10,298.0,217.124,60.481,0.277,0.12,0.8159,0.09200000000000008,107.722
2015-04-17,295.0,223.9442,64.416,0.27575,0.12,0.771,-0.08620000000000005,107.203
2015-04-24,269.0,224.0529,61.338,0.279,0.12,0.7685,0.032200000000000006,107.479
2015-05-01,267.0,227.9508,62.903,0.27975,0.12,0.8555,0.2154999999999998,107.24
2015-05-08,271.0,229.1586,63.01,0.27985,0.12,0.84,0.020500000000000185,107.271
2015-05-15,276.0,231.4574,62.75,0.2765,0.12,0.8045,-0.023699999999999832,107.201
2015-05-22,281.0,225.5637,63.8,0.2845,0.12,0.88,0.08169999999999966,107.079
2015-05-29,275.0,223.1754,63.726,0.28375,0.05,0.8495,-0.06699999999999973,107.088
2015-06-05,278.0,222.5289,66.856,0.2812,0.12,0.962,0.27749999999999986,106.517
2015-06-12,269.0,223.529,67.571,0.28605,0.12,0.9938,-0.020700000000000163,106.309
2015-06-19,273.0,222.1267,68.071,0.2813,0.05,0.8715,-0.1317999999999997,105.985
2015-06-26,275.0,224.8798,67.483,0.28175,0.12,0.9395,0.2224999999999997,106.871
2015-07-03,292.0,224.5519,68.205,0.2843,0.12,0.8789,-0.07399999999999984,106.529
2015-07-10,285.0,218.2531,69.158,0.2858,0.13,0.8938,0.0032000000000000917,106.42
2015-07-17,265.0,214.5416,65.296,0.29175,0.13,0.9271,-0.052200000000000024,106.976
2015-07-24,269.0,205.0399,71.019,0.2936,0.13,0.9293,-0.09260000000000002,105.785
2015-07-31,270.0,202.572,70.21,0.3086,0.07,0.8957,-0.0794999999999999,106.277
2015-08-07,274.0,198.323,75.1,0.3116,0.13,0.9685,-0.012900000000000134,105.245
2015-08-14,279.0,197.9689,76.374,0.32445,0.13,0.9663,0.020000000000000018,105.001
2015-08-21,274.0,191.3411,82.659,0.3291,0.14,0.845,-0.16000000000000014,103.564
2015-08-28,279.0,197.1006,79.976,0.329,0.13,0.869,0.12550000000000017,104.832
2015-09-04,273.0,196.6991,83.404,0.332,0.14,0.8399,-0.06660000000000021,103.74
2015-09-11,264.0,196.7208,79.757,0.3372,0.13,0.853,0.0416000000000003,104.695
2015-09-18,269.0,194.184,78.469,0.3192,0.13,0.803,-0.0495000000000001,104.661
2015-09-25,272.0,195.7119,87.861,0.3261,0.1,0.7943,-0.022499999999999964,103.531
2015-10-02,267.0,194.1059,93.874,0.3271,0.13,0.7071,-0.1605000000000001,100.151
2015-10-09,265.0,202.6893,81.455,0.3206,0.13,0.766,0.08929999999999993,102.35
2015-10-16,264.0,199.4474,81.731,0.31715,0.13,0.7291,-0.07379999999999987,102.516
2015-10-23,264.0,193.7146,77.346,0.3229,0.11,0.762,0.04049999999999976,103.177
2015-10-30,275.0,195.6069,78.86,0.3341,0.06,0.8469,0.02250000000000041,103.172
2015-11-06,276.0,191.0338,78.928,0.3414,0.11,0.9788,0.16379999999999972,102.856
2015-11-13,272.0,184.7668,84.902,0.3636,0.13,0.9353,-0.07529999999999992,101.273
2015-11-20,261.0,183.7335,84.581,0.3821,0.13,0.959,-0.05549999999999988,101.782
2015-11-27,265.0,183.2406,84.401,0.4142,0.1,0.982,-0.009000000000000341,102.019
2015-12-04,280.0,183.242,82.478,0.462,0.13,1.0345,0.07750000000000012,102.387
2015-12-11,268.0,174.8561,96.107,0.512,0.13,0.9883,-0.08599999999999985,99.071
2015-12-18,260.0,172.1576,95.301,0.5855,0.35,1.0898,0.07099999999999973,99.43
2015-12-25,276.0,176.0938,90.382,0.6031,0.35,1.1295,0.02400000000000002,100.904
2016-01-01,273.0,176.1439,88.382,0.6127,0.15,1.1795,0.015500000000000291,101.124
2016-01-08,284.0,168.578,97.23,0.6211,0.35,1.0195,-0.20350000000000001,99.122
2016-01-15,290.0,159.9347,110.047,0.6196,0.36,0.91,-0.09350000000000014,97.781
2016-01-22,269.0,163.8033,104.335,0.6191,0.37,0.9363,0.02629999999999999,99.02
2016-01-29,282.0,166.7525,101.886,0.6126,0.27,0.8403,-0.12029999999999985,99.722
2016-02-05,266.0,161.9322,114.764,0.6197,0.38,0.8165,-0.04420000000000002,98.007
2016-02-12,262.0,160.3628,121.635,0.6182,0.4,0.7735,-0.14850000000000008,97.137
2016-02-19,270.0,159.6332,117.751,0.6182,0.38,0.8055,0.0035000000000000586,97.895
2016-02-26,269.0,161.6704,110.033,0.6351,0.37,0.8345,-0.014800000000000146,98.738
2016-03-04,255.0,168.5489,94.448,0.6335,0.37,0.9163,0.13400000000000012,101.134
2016-03-11,263.0,173.5255,82.98,0.63385,0.37,1.0142,0.10230000000000006,102.596
2016-03-18,264.0,176.3459,84.813,0.6243,0.37,0.9165,-0.12130000000000019,102.802
2016-03-25,271.0,172.1801,83.497,0.6286,0.38,0.9725,0.05449999999999999,102.653
2016-04-01,273.0,168.0267,75.533,0.6291,0.37,0.8714,-0.11119999999999997,102.685
2016-04-08,263.0,171.0406,82.071,0.6308,0.37,0.8452,-0.04739999999999989,102.025
2016-04-15,257.0,173.6355,80.211,0.6331,0.37,0.857,0.005800000000000027,102.605
2016-04-22,259.0,179.6537,73.444,0.63585,0.37,0.9518,0.1420999999999999,103.458
2016-04-29,278.0,184.6109,77.414,0.6366,0.29,0.9189,-0.023700000000000054,102.92
2016-05-06,289.0,179.9101,84.854,0.6296,0.37,0.8747,-0.09759999999999991,101.699
2016-05-13,279.0,182.5476,83.258,0.6276,0.37,0.882,-0.058499999999999996,101.992
2016-05-20,267.0,184.2068,83.875,0.6613,0.37,1.0157,0.1279999999999999,101.745
2016-05-27,263.0,186.1367,76.648,0.67305,0.37,1.064,0.011800000000000033,102.854
2016-06-03,265.0,188.6692,77.328,0.68215,0.37,0.9245,-0.13929999999999998,102.669
2016-06-10,273.0,192.8883,77.429,0.6556,0.37,0.8727,-0.05549999999999988,102.824
2016-06-17,261.0,192.3752,82.756,0.6444,0.38,0.8468,-0.028000000000000025,102.041
2016-06-24,262.0,188.6886,87.03,0.6236,0.4,0.7513,-0.052000000000000046,101.703
2016-07-01,255.0,194.2599,76.651,0.65335,0.4,0.757,-0.07800000000000007,103.279
2016-07-08,252.0,187.1732,72.957,0.6671,0.4,0.7673,-0.11019999999999985,103.913
2016-07-15,260.0,188.8575,71.723,0.68785,0.4,0.8805,0.1632,104.569
2016-07-22,264.0,182.9009,70.477,0.721,0.4,0.9663,0.0682999999999998,104.8
2016-07-29,266.0,181.0139,72.001,0.7591,0.3,0.8805,-0.1267999999999998,104.414
2016-08-05,265.0,181.7988,70.777,0.79235,0.4,0.992,0.12749999999999995,104.536
2016-08-12,264.0,182.6805,71.66,0.81825,0.4,0.9593,-0.08150000000000013,104.69
2016-08-19,264.0,188.7796,70.642,0.81711,0.4,1.001,0.044300000000000006,104.998
2016-08-26,261.0,186.1106,71.885,0.83344,0.4,1.0662,0.04540000000000011,104.593
2016-09-02,257.0,179.994,72.262,0.83511,0.4,1.0395,-0.025700000000000056,104.617
2016-09-09,252.0,182.5353,75.843,0.85222,0.4,1.0507,0.0625,103.851
2016-09-16,250.0,180.7838,75.947,0.85711,0.4,1.015,-0.00019999999999997797,103.657
2016-09-23,247.0,183.0965,76.84,0.85294,0.4,1.0153,-0.0613999999999999,104.642
2016-09-30,245.0,186.3155,75.816,0.85367,0.28,1.013,-0.007400000000000073,104.387
2016-10-07,250.0,188.3162,74.277,0.87606,0.4,1.0676,0.10050000000000003,104.384
2016-10-14,263.0,189.4671,75.509,0.88167,0.4,1.0643,0.07250000000000001,104.164
2016-10-21,256.0,189.3951,73.742,0.88178,0.41,1.0604,-0.053400000000000114,104.472
2016-10-28,265.0,189.2067,76.742,0.88594,0.41,1.0871,0.13129999999999997,103.682
2016-11-04,250.0,182.5041,80.864,0.88261,0.41,1.0335,-0.06689999999999996,102.842
2016-11-11,232.0,180.7402,75.981,0.90567,0.41,1.1855,0.38050000000000006,103.422
2016-11-18,246.0,183.1352,76.271,0.91622,0.41,1.2993,0.18330000000000002,103.58
2016-11-25,255.0,185.7263,73.25,0.93733,0.41,1.3305,-0.019299999999999873,104.615
2016-12-02,248.0,191.694,72.982,0.94639,0.41,1.3105,0.04239999999999977,104.788
2016-12-09,252.0,191.9793,67.504,0.9565,0.41,1.3673,0.10959999999999992,106.209
2016-12-16,260.0,191.4292,68.798,0.99733,0.66,1.5168,0.16100000000000003,105.926
2016-12-23,257.0,190.5289,66.821,0.99706,0.66,1.506,-0.06099999999999994,106.269
2016-12-30,244.0,192.5115,67.471,0.99789,0.5,1.4523,-0.09929999999999994,106.15
2017-01-06,245.0,193.5407,64.419,1.01011,0.66,1.4835,-0.044700000000000184,106.685
2017-01-13,240.0,194.5396,66.026,1.02317,0.66,1.4917,-0.012499999999999734,106.325
2017-01-20,250.0,194.0154,65.856,1.04344,0.67,1.5159,0.08400000000000007,106.327
2017-01-27,241.0,193.4316,64.18,1.039,0.67,1.5139,0.03370000000000006,106.684
2017-02-03,230.0,193.2017,64.28,1.034,0.67,1.5023,-0.009300000000000086,107.561
2017-02-10,233.0,194.0375,64.603,1.03622,0.66,1.5067,-0.05140000000000011,107.451
2017-02-17,237.0,192.1229,63.552,1.05233,0.66,1.5488,0.03849999999999998,107.519
2017-02-24,221.0,190.9312,62.5,1.054,0.66,1.5158,-0.08700000000000019,107.616
2017-03-03,236.0,189.7152,60.06,1.10167,0.66,1.6503,0.16700000000000026,108.084
2017-03-10,228.0,182.6485,64.074,1.12122,0.66,1.6954,0.09580000000000011,106.866
2017-03-17,235.0,184.4798,61.553,1.15178,0.9,1.6517,-0.0777000000000001,107.388
2017-03-24,236.0,183.4654,67.852,1.15128,0.91,1.6198,-0.0766,107.242
2017-03-31,216.0,185.883,66.594,1.14956,0.81,1.6176,-0.012399999999999967,107.227
2017-04-07,222.0,187.1051,65.503,1.15761,0.9,1.6158,-0.02770000000000028,107.263
2017-04-14,231.0,187.7694,67.215,1.15844,0.9,1.533,-0.1458999999999997,106.876
2017-04-21,238.0,181.8708,67.341,1.15622,0.91,1.5323,0.0040000000000000036,106.805
2017-04-28,232.0,181.7253,63.924,1.17233,0.82,1.5725,0.039899999999999824,107.649
2017-05-05,233.0,177.9244,62.236,1.18039,0.91,1.604,0.03600000000000003,107.661
2017-05-12,234.0,181.6909,62.478,1.17956,0.91,1.5359,-0.03980000000000006,107.597
2017-05-19,236.0,185.0767,64.5,1.18644,0.91,1.5141,-0.07850000000000001,107.356
2017-05-26,253.0,182.0048,62.61,1.20178,0.91,1.5318,0.028300000000000214,107.59
2017-06-02,251.0,177.9633,60.042,1.2225,0.91,1.5125,-0.09489999999999998,107.81
2017-06-09,245.0,176.7649,60.772,1.23644,0.91,1.5435,0.05259999999999998,107.544
2017-06-16,249.0,173.0519,61.225,1.27356,1.16,1.5273,-0.03730000000000011,107.208
2017-06-23,247.0,167.744,60.636,1.29328,1.16,1.5449,-0.0040000000000000036,107.079
2017-06-30,256.0,174.776,61.201,1.29917,1.05,1.6178,0.16420000000000012,106.844
2017-07-07,259.0,172.5598,61.853,1.30522,1.16,1.647,0.07240000000000002,106.7
2017-07-14,245.0,176.2843,58.348,1.30361,1.16,1.5947,-0.0719000000000003,107.461
2017-07-21,249.0,176.6614,56.898,1.31444,1.16,1.5911,-0.07339999999999991,107.56
2017-07-28,245.0,182.12,57.565,1.31056,1.16,1.591,0.03770000000000007,107.625
2017-08-04,254.0,180.6829,57.644,1.31194,1.16,1.605,-0.015800000000000036,107.552
2017-08-11,245.0,179.6059,61.695,1.315,1.16,1.5545,-0.08020000000000005,106.565
2017-08-18,245.0,177.4971,62.462,1.31472,1.16,1.5749,-0.006299999999999972,106.454
2017-08-25,247.0,177.8278,60.057,1.31778,1.16,1.5623,-0.03459999999999974,106.923
2017-09-01,297.0,180.9461,58.043,1.31611,1.16,1.554,0.01059999999999972,107.437
2017-09-08,280.0,181.1747,60.018,1.31033,1.16,1.502,-0.1065999999999998,106.799
2017-09-15,261.0,184.0516,56.24,1.32389,1.16,1.6375,0.16049999999999986,107.256
2017-09-22,264.0,183.5685,59.784,1.32944,1.16,1.7015,0.045399999999999885,107.009
2017-09-29,260.0,183.0882,55.833,1.33389,1.05,1.741,0.07220000000000004,107.836
2017-10-06,252.0,180.9549,54.002,1.35028,1.16,1.7713,0.023499999999999854,108.081
2017-10-13,235.0,184.829,54.82,1.35333,1.16,1.7525,-0.07899999999999974,108.024
2017-10-20,241.0,184.1165,52.499,1.36476,1.16,1.8163,0.1257999999999999,108.545
2017-10-27,241.0,186.8914,53.038,1.38009,1.16,1.8222,0.019099999999999895,108.345
2017-11-03,248.0,189.3802,53.236,1.39194,1.16,1.8235,-0.06840000000000002,108.142
2017-11-10,254.0,191.648,56.007,1.41289,1.16,1.8567,0.06680000000000019,107.413
2017-11-17,246.0,190.3859,55.211,1.44067,1.16,1.8888,-0.040300000000000225,107.556
2017-11-24,243.0,192.2154,52.5,1.46763,1.16,1.9243,0.002000000000000224,107.981
2017-12-01,241.0,190.6855,52.401,1.49463,1.16,1.9592,0.0230999999999999,107.859
2017-12-08,229.0,185.0158,51.006,1.54878,1.16,1.997,0.024599999999999955,107.964
2017-12-15,244.0,184.5239,50.445,1.61331,1.41,2.0252,-0.04489999999999972,108.126
2017-12-22,251.0,187.8781,49.28,1.68577,1.41,2.1,0.11819999999999986,108.198
2017-12-29,248.0,193.8647,49.118,1.69428,1.31,2.078,-0.06349999999999989,108.258
2018-01-05,252.0,193.4456,45.762,1.70393,1.41,2.1489,0.07209999999999983,108.899
2018-01-12,230.0,196.056,46.841,1.72152,1.41,2.194,0.06910000000000016,108.639
2018-01-19,231.0,195.503,47.518,1.74447,1.41,2.2674,0.17749999999999977,108.507
2018-01-26,228.0,200.52,45.56,1.7669,1.41,2.3046,-0.032399999999999984,108.8
2018-02-02,224.0,197.4414,49.789,1.78902,1.41,2.3657,0.19280000000000008,107.597
2018-02-09,225.0,188.5123,60.115,1.82,1.41,2.3498,-0.016300000000000203,106.024
2018-02-16,219.0,193.5806,52.603,1.88494,1.41,2.4581,0.03390000000000004,107.493
2018-02-23,216.0,195.9944,55.714,1.95625,1.41,2.4895,-0.01869999999999994,106.932
2018-03-02,228.0,194.1184,56.361,2.02519,1.41,2.499,-0.0004999999999997229,106.65
2018-03-09,223.0,195.1492,54.821,2.08875,1.42,2.5644,0.04389999999999983,107.04
2018-03-16,225.0,194.4552,53.885,2.20175,1.42,2.6097,-0.029300000000000104,107.002
2018-03-23,221.0,196.2626,67.442,2.29155,1.68,2.5833,-0.04499999999999993,105.798
2018-03-30,232.0,195.364,65.534,2.31175,1.67,2.5815,-0.05489999999999995,106.041
2018-04-06,234.0,192.2514,64.871,2.33746,1.68,2.587,0.014699999999999935,106.096
2018-04-13,236.0,199.6978,61.688,2.35281,1.68,2.6734,0.059800000000000075,106.947
2018-04-20,207.0,201.917,60.53,2.35923,1.68,2.741,0.13030000000000008,106.874
2018-04-27,209.0,201.3893,60.101,2.35805,1.689,2.7364,-0.005800000000000249,106.972
2018-05-04,211.0,203.2544,61.801,2.36906,1.68,2.7654,-0.004999999999999893,106.789
2018-05-11,222.0,203.559,59.375,2.3425,1.69,2.7576,0.018299999999999983,107.199
2018-05-18,230.0,203.6888,61.711,2.32938,1.69,2.7894,0.0878000000000001,106.745
2018-05-25,222.0,203.343,63.134,2.31813,1.69,2.7074,-0.12230000000000008,106.637
2018-06-01,223.0,201.7099,65.592,2.31781,1.69,2.7404,-0.008000000000000007,106.524
2018-06-08,222.0,200.0384,66.358,2.32631,1.69,2.779,0.0472999999999999,106.511
2018-06-15,218.0,196.2369,60.573,2.32594,1.89,2.8211,-0.02279999999999971,107.108
2018-06-22,222.0,197.5323,64.659,2.33888,1.91,2.8098,-0.021300000000000097,106.639
2018-06-29,228.0,200.3852,67.7,2.33575,1.9,2.7918,-0.02970000000000006,105.737
2018-07-06,216.0,198.0523,64.5,2.33144,1.9,2.7951,-0.02959999999999985,106.443
2018-07-13,205.0,193.7279,61.69,2.336,1.9,2.8067,-0.008800000000000363,106.835
2018-07-20,210.0,192.6214,61.683,2.34156,1.9,2.8291,0.061200000000000365,106.656
2018-07-27,207.0,194.1568,58.121,2.34238,1.9,2.8735,0.05830000000000002,107.022
2018-08-03,210.0,193.2345,58.977,2.343,1.9,2.866,0.008599999999999941,107.133
2018-08-10,206.0,191.6946,60.398,2.31925,1.9,2.7948,-0.08899999999999997,106.847
2018-08-17,207.0,188.7395,61.086,2.31188,1.91,2.8175,0.0002999999999997449,106.752
2018-08-24,211.0,192.0795,59.887,2.31725,1.91,2.8035,-0.04559999999999986,106.985
2018-08-31,201.0,192.955,60.061,2.32075,1.91,2.8237,0.04159999999999986,106.904
2018-09-07,204.0,190.3574,59.841,2.33125,1.91,2.8957,0.07390000000000008,106.837
2018-09-14,206.0,190.4837,55.744,2.33713,1.91,2.9583,0.0596000000000001,107.389
2018-09-21,205.0,193.9761,61.556,2.37263,1.91,2.9795,0.060699999999999754,107.426
2018-09-28,210.0,195.1592,59.362,2.39838,2.15,2.9895,-0.0041999999999999815,107.307
2018-10-05,211.0,199.0382,61.24,2.40806,2.16,3.0637,0.1524000000000001,106.782
2018-10-12,208.0,197.9412,64.525,2.43644,2.17,3.0431,-0.06740000000000013,106.214
2018-10-19,217.0,197.1761,67.525,2.47719,2.17,3.111,0.05610000000000026,105.665
2018-10-26,216.0,195.506,70.039,2.52038,2.18,3.0165,-0.12429999999999986,104.783
2018-11-02,218.0,192.3017,66.319,2.59238,2.18,3.1122,0.13779999999999992,105.708
2018-11-09,221.0,188.451,65.888,2.61813,2.18,3.1194,-0.031500000000000306,105.526
2018-11-16,225.0,187.2971,74.097,2.6445,2.18,2.9931,-0.11739999999999995,104.169
2018-11-23,237.0,179.6018,79.935,2.69119,2.18,2.9975,-0.021500000000000075,103.405
2018-11-30,232.0,181.7376,75.344,2.73613,2.18,2.9642,-0.06869999999999976,104.472
2018-12-07,208.0,184.1516,81.94,2.77106,2.2,2.8634,-0.1434000000000002,103.178
2018-12-14,217.0,180.3124,78.611,2.80069,2.19,2.8811,0.03110000000000035,103.385
2018-12-21,228.0,172.1321,91.815,2.82163,2.39,2.7842,-0.09530000000000038,101.049
2018-12-28,238.0,170.9661,88.373,2.797,2.4,2.669,-0.08819999999999961,101.904
2019-01-04,225.0,173.3547,85.1,2.80388,2.4,2.6528,-0.04120000000000035,102.889
2019-01-11,218.0,178.0801,77.453,2.78731,2.4,2.6954,0.02450000000000019,103.896
2019-01-18,214.0,182.2137,72.742,2.761,2.4,2.7693,0.09909999999999997,104.789
2019-01-25,234.0,180.6782,72.517,2.75163,2.4,2.7459,-0.03290000000000015,105.15
2019-02-01,232.0,180.5493,66.693,2.73263,2.4,2.6512,-0.07679999999999998,105.911
2019-02-08,226.0,178.0395,67.574,2.69775,2.4,2.6133,-0.052200000000000024,105.651
2019-02-15,211.0,181.3293,63.049,2.68288,2.4,2.6484,0.03310000000000013,106.426
2019-02-22,221.0,184.0604,61.522,2.64625,2.4,2.5983,-0.027200000000000113,106.292
2019-03-01,216.0,181.4955,59.459,2.5985,2.4,2.6433,0.09360000000000035,106.42
2019-03-08,218.0,180.6718,63.795,2.59663,2.4,2.5849,-0.11030000000000006,105.499
2019-03-15,212.0,183.8662,58.042,2.62525,2.4,2.5595,-0.04320000000000013,106.463
2019-03-22,210.0,184.1548,67.338,2.60988,2.4,2.4031,-0.18340000000000023,106.102
2019-03-29,203.0,183.7511,64.056,2.59975,2.41,2.3824,-0.014799999999999702,106.658
2019-04-05,196.0,187.6848,60.251,2.59213,2.4,2.4444,0.07299999999999995,107.088
2019-04-12,197.0,188.3636,57.055,2.601,2.4,2.4957,0.06720000000000015,107.691
2019-04-19,222.0,187.1304,57.381,2.58113,2.4,2.4801,0.0047999999999999154,107.644
2019-04-26,224.0,184.6573,57.476,2.58275,2.41,2.3896,-0.06700000000000017,107.686
2019-05-03,225.0,181.772,57.954,2.55988,2.4,2.4446,0.025700000000000056,107.674
2019-05-10,212.0,178.9538,61.17,2.52788,2.38,2.3679,-0.06020000000000003,107.008
2019-05-17,215.0,180.9893,63.121,2.52188,2.38,2.2612,-0.10670000000000002,106.368
2019-05-24,222.0,178.6288,64.907,2.52488,2.37,2.1959,-0.07850000000000001,105.855
2019-05-31,223.0,175.3632,69.399,2.5025,2.38,1.9794,-0.18279999999999985,104.553
2019-06-07,226.0,174.4162,62.575,2.45063,2.36,1.9205,-0.009199999999999875,105.871
2019-06-14,217.0,174.8087,61.215,2.402,2.36,1.8574,-0.0636000000000001,106.258
2019-06-21,234.0,178.5197,55.088,2.34925,2.36,1.7883,-0.022900000000000142,107.632
2019-06-28,226.0,181.0378,54.5,2.31988,2.37,1.8055,-0.0242,107.607
2019-07-05,215.0,180.7789,52.824,2.31138,2.4,1.903,0.022900000000000142,107.7
2019-07-12,211.0,184.3616,53.394,2.32225,2.37,1.8823,0.07810000000000006,107.492
2019-07-19,202.0,178.5854,53.813,2.25938,2.4,1.8452,-0.07580000000000009,106.942
2019-07-26,206.0,177.1583,51.134,2.26575,2.4,1.8969,0.009299999999999864,108.037
2019-08-02,208.0,173.3545,56.531,2.23925,2.13,1.736,-0.22889999999999988,106.74
2019-08-09,212.0,172.091,58.924,2.17563,2.11,1.6363,-0.14000000000000012,106.094
2019-08-16,207.0,170.4052,58.875,2.13588,2.11,1.5007,-0.18489999999999984,105.992
2019-08-23,213.0,168.6101,57.806,2.14438,2.1,1.5268,0.005499999999999838,105.736
2019-08-30,215.0,170.3556,54.048,2.13763,2.11,1.5148,-0.06879999999999997,106.697
2019-09-06,207.0,172.6247,51.467,2.13413,2.1,1.5275,0.06370000000000009,107.281
2019-09-13,205.0,174.7915,50.077,2.13938,2.13,1.789,0.3385,107.663
2019-09-20,211.0,177.337,59.678,2.13463,1.85,1.6818,-0.17710000000000004,107.227
2019-09-27,215.0,175.7153,61.593,2.09863,1.85,1.6441,-0.03310000000000013,106.43
2019-10-04,209.0,173.4947,60.852,2.027,1.8,1.4584,-0.12629999999999986,106.405
2019-10-11,215.0,176.0359,57.57,2.00088,1.8,1.6422,0.20609999999999995,106.84
2019-10-18,210.0,175.7529,55.086,1.95325,1.85,1.6173,0.036699999999999955,107.237
2019-10-25,215.0,178.3687,53.744,1.92813,1.8,1.6508,0.022499999999999964,107.484
2019-11-01,214.0,180.2738,53.386,1.8905,1.55,1.591,-0.08349999999999991,107.543
2019-11-08,227.0,181.275,51.358,1.90063,1.54,1.7182,0.21999999999999997,107.648
2019-11-15,229.0,181.001,51.572,1.90263,1.55,1.6335,-0.11270000000000002,107.399
2019-11-22,221.0,180.3712,51.804,1.91725,1.55,1.6071,-0.06420000000000003,107.114
2019-11-29,231.0,176.6551,49.936,1.9055,1.56,1.6185,0.035600000000000076,107.661
2019-12-06,247.0,181.1905,49.477,1.8905,1.54,1.636,0.06129999999999991,107.796
2019-12-13,236.0,183.8092,47.862,1.89963,1.54,1.6408,-0.012199999999999989,108.96
2019-12-20,230.0,185.0433,45.31,1.93475,1.54,1.7097,0.12020000000000008,109.519
2019-12-27,231.0,187.1793,44.032,1.94463,1.54,1.6866,-0.03699999999999992,109.806
2020-01-03,224.0,186.8967,45.541,1.87388,1.55,1.6144,-0.08740000000000014,109.569
2020-01-10,207.0,184.131,44.153,1.83775,1.54,1.6316,0.015900000000000025,109.663
2020-01-17,221.0,182.8867,44.021,1.81913,1.54,1.6382,0.011900000000000022,109.63
2020-01-24,210.0,175.7529,46.733,1.79538,1.55,1.5553,-0.14529999999999998,108.85
2020-01-31,207.0,170.3058,49.619,1.75113,1.59,1.3777,-0.1825000000000001,108.389
2020-02-07,202.0,170.1217,45.973,1.73088,1.58,1.4543,0.0878000000000001,109.047
2020-02-14,209.0,172.9549,44.183,1.69175,1.58,1.4583,-0.008399999999999963,109.284
2020-02-21,218.0,174.6458,46.368,1.67925,1.58,1.3649,-0.13349999999999995,108.785
2020-02-28,215.0,159.4459,66.581,1.46275,1.58,0.9848,-0.28,105.107
2020-03-06,208.0,155.8452,80.795,0.896,1.08,0.6442,-0.27680000000000005,102.427
2020-03-13,273.0,140.8376,107.469,0.84313,1.08,0.5294,0.12380000000000002,97.756
2020-03-20,2914.0,123.8847,148.298,1.20413,0.25,0.5049,-0.1995,87.531
2020-03-27,5946.0,123.8843,107.917,1.45013,0.05,0.4976,-0.12529999999999997,94.83
2020-04-03,6137.0,127.959,126.431,1.38738,0.05,0.4679,0.011799999999999922,89.03
2020-04-10,4869.0,127.8157,82.461,1.21888,0.04,0.4654,0.15670000000000006,98.859
2020-04-17,4201.0,123.7962,87.382,1.109,0.05,0.4172,-0.09610000000000007,96.063
2020-04-24,3446.0,112.7549,93.821,0.88713,0.05,0.3845,-0.08029999999999993,92.992
2020-05-01,2796.0,117.6273,89.786,0.54088,0.04,0.3241,-0.012900000000000023,93.833
2020-05-08,2335.0,124.7397,91.316,0.43463,0.04,0.2564,0.024399999999999977,94.496
2020-05-15,2176.0,124.7466,95.365,0.3805,0.05,0.2476,-0.018399999999999972,92.617
2020-05-22,1921.0,129.5329,87.144,0.36925,0.05,0.2611,0.04959999999999998,94.895
2020-05-29,1639.0,132.2442,77.818,0.344,0.05,0.2513,-0.024699999999999944,97.897
2020-06-05,1575.0,138.9763,65.687,0.31288,0.06,0.296,0.23019999999999996,103.793
2020-06-12,1473.0,134.3208,79.205,0.32088,0.08,0.2654,-0.1835,99.605
2020-06-19,1467.0,137.9738,77.025,0.30513,0.08,0.2554,-0.021700000000000053,100.15
2020-06-26,1446.0,134.4133,80.57,0.30788,0.08,0.2409,-0.04789999999999994,98.9
2020-07-03,1413.0,140.5978,74.085,0.27588,0.08,0.2202,0.021199999999999997,99.757
2020-07-10,1468.0,141.5191,73.929,0.26813,0.08,0.2183,-0.016800000000000037,100.016
2020-07-17,1393.0,140.8271,71.529,0.27138,0.08,0.2259,-0.017100000000000004,101.205
2020-07-24,1260.0,143.0454,70.252,0.24675,0.08,0.2119,-0.03299999999999992,101.616
2020-07-31,1044.0,143.6936,69.467,0.24875,0.08,0.1789,-0.0606000000000001,102.811
2020-08-07,884.0,146.8549,64.83,0.2525,0.08,0.2121,0.05590000000000006,104.84
2020-08-14,927.0,149.2091,67.86,0.27038,0.08,0.2333,0.12959999999999994,104.01
2020-08-21,876.0,149.9568,67.488,0.25,0.08,0.2186,-0.0776,104.716
2020-08-28,881.0,153.439,66.668,0.24088,0.08,0.2231,0.0988,105.615
2020-09-04,892.0,149.6932,66.619,0.248,0.08,0.2312,-0.0045999999999999375,105.696
2020-09-11,861.0,146.4127,69.635,0.25038,0.08,0.2113,-0.0474,106.066
2020-09-18,859.0,151.5413,71.24,0.22538,0.08,0.2234,0.0262,106.446
2020-09-25,795.0,148.3621,59.118,0.21788,0.08,0.2235,-0.016000000000000014,104.25
2020-10-02,785.0,144.1224,59.393,0.2335,0.08,0.2217,0.0383,104.341
2020-10-09,839.0,151.7392,53.496,0.22413,0.08,0.241,0.08350000000000002,106.292
2020-10-16,804.0,151.4796,56.519,0.21838,0.08,0.2313,-0.028299999999999992,105.729
2020-10-23,776.0,150.6847,56.72,0.2165,0.08,0.2393,0.09309999999999996,105.764
2020-10-30,773.0,144.7289,65.531,0.21575,0.08,0.2377,0.021700000000000053,103.505
2020-11-06,737.0,147.6994,53.477,0.20588,0.08,0.2372,-0.05490000000000006,106.055
2020-11-13,738.0,151.8571,54.389,0.222,0.08,0.2628,0.054400000000000004,107.174
2020-11-20,793.0,156.1625,55.856,0.20488,0.08,0.2503,-0.07250000000000001,107.227
2020-11-27,737.0,160.9708,51.229,0.22538,0.08,0.252,0.01980000000000004,108.821
2020-12-04,873.0,159.8943,49.825,0.22588,0.08,0.2313,0.13080000000000003,109.572
2020-12-11,886.0,161.2492,53.764,0.2165,0.08,0.1953,-0.08030000000000004,108.861
2020-12-18,815.0,166.4534,53.226,0.23575,0.08,0.2054,0.056400000000000006,109.059
2020-12-25,773.0,165.5497,53.591,0.24013,0.08,0.2045,-0.012600000000000056,109.093
2021-01-01,803.0,167.7969,50.31,0.23838,0.08,0.197,-0.010599999999999943,109.303
2021-01-08,890.0,173.3468,49.666,0.22438,0.08,0.2144,0.20009999999999994,109.332
2021-01-15,844.0,175.2473,51.762,0.22338,0.08,0.2047,-0.040000000000000036,108.717
2021-01-22,799.0,172.8483,51.062,0.21525,0.08,0.2007,0.02740000000000009,108.671
2021-01-29,803.0,174.2021,55.99,0.20188,0.08,0.1863,-0.0034000000000000696,108.001
2021-02-05,812.0,181.3905,50.986,0.19088,0.08,0.1991,0.13170000000000015,109.49
2021-02-12,802.0,185.2884,50.286,0.19375,0.08,0.2051,0.04469999999999996,109.459
2021-02-19,702.0,188.6249,51.385,0.17525,0.08,0.2016,0.13769999999999993,109.011
2021-02-26,704.0,190.4336,55.9,0.18838,0.08,0.2343,0.04730000000000012,108.243
2021-03-05,693.0,193.4473,53.911,0.18538,0.08,0.2411,0.1488999999999998,108.695
2021-03-12,699.0,193.7909,52.725,0.1895,0.08,0.2561,0.025500000000000078,108.737
2021-03-19,627.0,188.788,52.239,0.19688,0.08,0.2615,0.10070000000000001,108.552
2021-03-26,658.0,187.7312,56.37,0.199,0.07,0.2657,-0.03810000000000002,108.934
2021-04-02,645.0,186.7019,50.755,0.19975,0.07,0.3186,0.052200000000000024,109.472
2021-04-09,571.0,186.7427,50.979,0.1875,0.07,0.2814,-0.07190000000000007,109.63
2021-04-16,566.0,193.2101,50.25,0.18825,0.07,0.2795,-0.12129999999999996,109.881
2021-04-23,574.0,196.0583,51.262,0.18138,0.07,0.2788,-0.008999999999999897,109.653
2021-04-30,517.0,199.7578,50.418,0.17638,0.03,0.2786,0.07119999999999993,109.816
2021-05-07,494.0,206.9628,50.506,0.15988,0.05,0.2492,-0.06980000000000008,109.841
2021-05-14,467.0,203.2924,50.825,0.15513,0.06,0.2573,0.037000000000000144,109.717
2021-05-21,441.0,200.8728,52.379,0.147,0.06,0.2502,-0.0028000000000001357,109.414
2021-05-28,427.0,205.6988,50.726,0.13138,0.02,0.229,-0.02739999999999987,109.703
2021-06-04,420.0,210.294,50.236,0.12825,0.06,0.2239,-0.03880000000000017,109.878
2021-06-11,428.0,212.2459,48.526,0.11888,0.06,0.224,-0.09549999999999992,110.201
2021-06-18,422.0,205.8601,50.717,0.13488,0.09,0.3092,-0.030999999999999917,109.631
2021-06-25,369.0,210.417,47.331,0.146,0.09,0.3365,0.08630000000000004,110.401
2021-07-02,371.0,214.9547,47.023,0.13788,0.09,0.3125,-0.0838000000000001,110.386
2021-07-09,332.0,211.7968,48.123,0.12863,0.09,0.3003,-0.03950000000000009,110.052
2021-07-16,387.0,212.5816,49.987,0.13425,0.09,0.3038,-0.08409999999999984,109.501
2021-07-23,380.0,216.5967,48.526,0.12888,0.08,0.2812,-0.0020999999999999908,109.756
2021-07-30,380.0,218.0778,49.618,0.11775,0.07,0.2619,-0.02629999999999999,109.173
2021-08-06,361.0,214.4885,49.078,0.12838,0.08,0.303,0.06999999999999984,109.444
2021-08-13,368.0,216.9637,48.506,0.12425,0.08,0.3007,-0.03869999999999996,109.486
2021-08-20,358.0,206.9585,49.738,0.12838,0.08,0.3165,-0.014499999999999957,109.081
2021-08-27,353.0,219.1764,46.834,0.11988,0.08,0.3077,0.05669999999999997,109.824
2021-09-03,337.0,220.1137,46.683,0.1155,0.07,0.296,0.015600000000000058,109.852
2021-09-10,344.0,220.4277,47.305,0.11575,0.07,0.3192,0.030000000000000027,109.675
2021-09-17,367.0,222.1117,46.739,0.12388,0.07,0.335,0.033299999999999885,109.604
2021-09-24,374.0,225.3112,50.977,0.13225,0.07,0.3897,0.07760000000000011,109.663
2021-10-01,314.0,230.3822,52.527,0.13313,0.07,0.3711,-0.0013000000000000789,109.387
2021-10-08,290.0,235.4177,53.807,0.12113,0.07,0.4314,0.15549999999999997,108.84
2021-10-15,290.0,239.27,52.107,0.12363,0.07,0.5413,-0.06040000000000001,109.217
2021-10-22,268.0,237.6778,52.012,0.12488,0.07,0.6249,0.07469999999999999,109.052
2021-10-29,262.0,237.696,52.148,0.13225,0.07,0.6931,-0.08739999999999992,108.882
2021-11-05,251.0,235.0043,49.572,0.14275,0.07,0.6011,-0.08430000000000004,109.714
2021-11-12,250.0,237.0863,50.864,0.155,0.07,0.756,0.14060000000000006,109.272
2021-11-19,223.0,235.0231,51.672,0.164,0.07,0.7812,-0.02520000000000011,108.988
2021-11-26,222.0,226.7289,56.8,0.17538,0.07,0.7419,-0.07019999999999982,107.693
2021-12-03,207.0,220.642,58.419,0.18763,0.07,0.8151,-0.08520000000000016,107.482
2021-12-10,227.0,225.9087,53.604,0.19825,0.07,0.8681,0.13490000000000002,108.64
2021-12-17,215.0,225.1411,52.642,0.21263,0.07,0.8757,-0.10630000000000006,108.456
2021-12-24,216.0,230.8983,49.783,0.21788,0.07,0.928,0.10270000000000001,109.217
2021-12-31,227.0,232.3727,49.561,0.20913,0.07,0.9395,0.011700000000000044,109.141
2022-01-07,247.0,237.898,52.516,0.23614,0.07,1.0719,0.24819999999999998,108.353
2022-01-14,245.0,245.4324,53.391,0.24129,0.07,1.1584,0.020000000000000018,108.387
2022-01-21,238.0,248.4785,58.246,0.25771,0.07,1.1837,-0.02949999999999986,107.297
2022-01-28,231.0,252.8466,61.354,0.31657,0.07,1.3138,0.022399999999999975,106.617
2022-02-04,210.0,261.2927,63.128,0.339,0.07,1.4789,0.1380999999999999,106.193
2022-02-11,234.0,263.0812,67.888,0.50643,0.07,1.7288,0.037900000000000045,105.353
2022-02-18,225.0,263.6211,68.76,0.47957,0.07,1.6596,-0.011699999999999822,105.382
2022-02-25,209.0,264.4428,66.789,0.523,0.07,1.7625,0.041699999999999626,105.825
2022-03-04,222.0,299.9545,73.859,0.61014,0.07,1.6702,-0.23029999999999973,104.413
2022-03-11,217.0,295.1062,74.645,0.826,0.07,1.9583,0.262,104.015
2022-03-18,207.0,292.2492,64.345,0.934,0.32,2.2001,0.18310000000000004,105.766
2022-03-25,214.0,307.3348,71.881,0.98286,0.32,2.5336,0.2925,105.296
2022-04-01,215.0,293.1821,66.631,0.962,0.32,2.6684,-0.10559999999999992,105.441
2022-04-08,213.0,298.2069,70.237,1.01071,0.32,2.7692,0.3083,104.269
2022-04-15,209.0,311.9236,72.733,1.06271,0.32,2.7153,0.11839999999999984,103.978
2022-04-22,210.0,304.2295,79.046,1.21371,0.32,2.966,0.07609999999999983,102.736
2022-04-29,219.0,308.2706,83.262,1.33486,0.32,3.0477,0.07310000000000016,101.59
2022-05-06,204.0,311.3202,86.323,1.40186,0.8,3.0585,0.16869999999999985,100.844
2022-05-13,225.0,308.5804,85.583,1.44371,0.8,2.8748,-0.19639999999999969,100.654
2022-05-20,211.0,312.7289,90.489,1.50643,0.8,2.8661,-0.15660000000000007,99.099
2022-05-27,200.0,320.5242,79.394,1.59786,0.8,2.8131,-0.02320000000000011,101.767
2022-06-03,214.0,323.2727,81.283,1.626,0.8,3.0321,0.19930000000000003,101.095
2022-06-10,213.0,325.8094,91.049,1.74471,0.8,3.4463,0.20440000000000014,98.759
2022-06-17,215.0,309.0772,100.371,2.09586,1.56,3.6,0.07159999999999966,97.069
2022-06-24,212.0,298.5493,94.856,2.23443,1.56,3.4047,-0.0772999999999997,98.903
2022-07-01,215.0,291.8272,100.714,2.29286,1.56,3.1269,-0.26190000000000024,97.017
2022-07-08,212.0,287.7529,90.878,2.423,1.56,3.386,0.21720000000000006,99.329
2022-07-15,216.0,277.6428,91.109,2.73757,1.56,3.3877,-0.1777000000000002,98.814
2022-07-22,220.0,281.1583,85.756,2.76629,1.56,3.1949,-0.1694,100.002
2022-07-29,228.0,292.0616,80.538,2.78829,2.3,3.1525,-0.0985999999999998,101.153
2022-08-05,221.0,281.0384,80.728,2.86671,2.32,3.5019,0.16809999999999992,101.425
2022-08-12,220.0,293.4765,74.105,2.92157,2.32,3.5553,-0.01089999999999991,103.124
2022-08-19,215.0,292.0279,80.529,2.95771,2.32,3.5932,0.14780000000000015,101.119
2022-08-26,210.0,299.0943,85.337,3.06957,2.32,3.7317,0.09539999999999971,100.048
2022-09-02,204.0,284.4719,91.755,3.15814,2.32,3.7616,0.16159999999999997,98.916
2022-09-09,197.0,284.1206,81.424,3.24543,2.32,3.9081,0.10119999999999996,101.119
2022-09-16,201.0,278.8752,89.203,3.56529,2.32,4.2493,0.13390000000000013,98.968
2022-09-23,189.0,268.4736,105.383,3.62843,3.05,4.608,0.20809999999999995,97.506
2022-09-30,204.0,268.2911,107.805,3.75471,3.05,4.5446,0.14650000000000007,95.801
2022-10-07,206.0,285.6154,101.011,3.90871,3.05,4.6478,0.01949999999999985,96.82
2022-10-14,199.0,276.6949,103.631,4.19371,3.05,4.8693,0.1243000000000003,96.354
2022-10-21,201.0,272.3617,94.917,4.35843,3.07,4.8658,0.20920000000000005,98.362
2022-10-28,202.0,272.6244,88.302,4.43957,3.07,4.7962,-0.17930000000000046,99.951
2022-11-04,204.0,287.5549,90.623,4.55029,3.82,5.038,0.1507000000000005,99.101
2022-11-11,210.0,285.7881,83.252,4.60614,3.82,4.7113,-0.3368000000000002,100.587
2022-11-18,220.0,276.3964,82.089,4.66486,3.82,4.8581,-0.05049999999999999,100.768
2022-11-25,209.0,273.2535,77.922,4.73386,3.82,4.7947,-0.1530999999999998,101.586
2022-12-02,209.0,276.6876,77.486,4.73257,3.82,4.5763,-0.21189999999999998,101.475
2022-12-09,210.0,266.2759,80.643,4.73314,3.82,4.6627,0.1184999999999996,100.811
2022-12-16,213.0,271.3779,82.787,4.74586,4.32,4.5024,-0.09640000000000004,100.438
2022-12-23,204.0,278.1068,81.115,4.72643,4.32,4.6023,0.24730000000000008,100.909
2022-12-30,204.0,277.7467,81.95,4.76729,4.32,4.7083,0.11870000000000003,100.609
2023-01-06,208.0,264.8221,75.217,4.80986,4.32,4.551,-0.3376999999999999,101.961
2023-01-13,203.0,275.9121,70.505,4.79243,4.32,4.497,-0.028500000000000192,102.996
2023-01-20,203.0,278.4571,74.459,4.81557,4.32,4.4266,-0.026899999999999924,102.108
2023-01-27,200.0,277.6648,71.501,4.82529,4.32,4.4804,0.04220000000000024,102.664
2023-02-03,215.0,266.194,68.719,4.83414,4.56,4.5746,0.0354000000000001,103.186
2023-02-10,219.0,272.6711,72.519,4.86943,4.56,4.8234,0.19789999999999974,102.235
2023-02-17,217.0,267.5701,72.871,4.91529,4.56,4.9349,0.09960000000000013,102.113
2023-02-24,209.0,267.15,76.518,4.95343,4.56,5.1583,0.13559999999999972,101.302
2023-03-03,229.0,275.0535,71.58,4.984,4.56,5.1936,0.017100000000000115,102.554
2023-03-10,222.0,264.993,82.246,5.13814,4.56,4.8864,-0.2810999999999999,100.07
2023-03-17,230.0,254.6562,87.019,4.99843,4.56,4.1237,-0.22330000000000005,98.912
2023-03-24,234.0,258.4906,85.38,5.10143,4.82,4.0885,-0.0928,99.307
2023-03-31,217.0,267.7272,76.172,5.19271,4.82,4.3567,0.08760000000000012,101.493
2023-04-07,219.0,271.9884,78.342,5.19786,4.82,4.3016,-0.0625,100.68
2023-04-14,223.0,276.2171,74.043,5.26171,4.82,4.4039,0.10460000000000003,101.686
2023-04-21,210.0,270.7984,76.338,5.25514,4.82,4.4595,0.06889999999999974,101.219
2023-04-28,214.0,268.1556,75.9,5.30243,4.82,4.2997,-0.1357999999999997,101.351
2023-05-05,223.0,261.6041,81.359,5.33686,5.07,4.1726,0.02699999999999969,100.266
2023-05-12,225.0,257.9239,80.934,5.31829,5.07,4.2023,0.004100000000000215,100.124
2023-05-19,227.0,262.1346,79.551,5.39271,5.07,4.4611,0.21369999999999978,100.26
2023-05-26,230.0,260.7035,76.032,5.47571,5.07,4.7592,0.13969999999999994,100.98
2023-06-02,253.0,259.6874,72.059,5.49629,5.07,4.68,-0.07489999999999997,101.956
2023-06-09,258.0,260.5344,70.629,5.54443,5.07,4.7994,0.02220000000000022,102.344
2023-06-16,260.0,270.908,69.652,5.51,5.07,4.9295,0.022699999999999942,102.515
2023-06-23,236.0,262.9974,72.186,5.54414,5.07,4.9295,-0.02939999999999987,101.424
2023-06-30,248.0,261.9932,66.854,5.54543,5.07,5.0945,0.09839999999999982,102.727
2023-07-07,229.0,264.4608,70.078,5.56008,5.07,5.0945,0.0,101.864
2023-07-14,228.0,270.7903,66.455,5.5715,5.07,5.0945,0.0,102.736
2023-07-21,231.0,276.4806,65.271,5.61282,5.07,5.0945,0.0,103.129
2023-07-28,238.0,280.4834,63.111,5.63352,5.32,5.0945,0.0,103.567
2023-08-04,258.0,279.4587,67.656,5.63219,5.32,5.0945,0.0,102.526
2023-08-11,248.0,279.7356,66.22,5.62618,5.32,5.0945,0.0,102.69
2023-08-18,240.0,275.4762,70.653,5.64478,5.32,5.0945,0.0,101.697
2023-08-25,234.0,278.201,65.945,5.6655,5.32,5.0945,0.0,102.211
2023-09-01,227.0,284.3591,63.429,5.66391,5.31,5.0945,0.0,102.939
2023-09-08,227.0,284.4746,64.337,5.67208,5.31,5.0945,0.0,102.621
2023-09-15,210.0,289.6065,62.897,5.66329,5.31,5.0945,0.0,102.856
2023-09-22,215.0,285.9946,72.595,5.66142,5.31,5.0945,0.0,102.039
2023-09-29,216.0,284.5324,73.728,5.65711,5.31,5.0945,0.0,100.799
2023-10-06,210.0,276.8994,75.985,5.66835,5.31,5.0945,0.0,100.318
2023-10-13,200.0,283.9739,76.428,5.66444,5.31,5.0945,0.0,100.059
2023-10-20,214.0,286.0145,81.317,5.66008,5.31,5.0945,0.0,99.002
2023-10-27,217.0,285.103,80.966,5.64482,5.31,5.0945,0.0,98.936
2023-11-03,216.0,281.766,70.67,5.64178,5.31,5.0945,0.0,101.4
2023-11-10,229.0,273.3648,68.581,5.63925,5.31,5.0945,0.0,102.52
2023-11-17,213.0,273.6314,64.626,5.62854,5.31,5.0945,0.0,103.393
2023-11-24,214.0,272.0001,62.981,5.64819,5.31,5.0945,0.0,103.844
2023-12-01,216.0,270.7719,61.445,5.63684,5.31,5.0945,0.0,104.164
2023-12-08,204.0,262.8229,61.683,5.62765,5.31,5.0945,0.0,103.949
2023-12-15,209.0,265.066,57.3,5.6256,5.31,5.0945,0.0,105.388
2023-12-22,210.0,266.5922,55.571,5.61272,5.31,5.0945,0.0,105.825
2023-12-29,198.0,263.8254,56.508,5.59301,5.31,5.0945,0.0,105.834
2024-01-05,199.0,265.9119,59.535,5.59087,5.31,5.0945,0.0,105.158
2024-01-12,193.0,264.3785,54.661,5.57814,5.31,5.0945,0.0,105.927
2024-01-19,223.0,265.3751,54.772,5.57741,5.31,5.0945,0.0,105.8
2024-01-26,225.0,273.5676,54.422,5.57904,5.31,5.0945,0.0,105.996
2024-02-02,214.0,267.739,54.708,5.55207,5.31,5.0945,0.0,105.948
2024-02-09,212.0,274.3419,54.392,5.57066,5.31,5.0945,0.0,106.045
2024-02-16,203.0,272.5895,52.863,5.57563,5.31,5.0945,0.0,106.065
2024-02-23,214.0,270.8248,51.353,5.59218,5.31,5.0945,0.0,106.356
2024-03-01,212.0,277.1088,51.664,5.59273,5.31,5.0945,0.0,106.507
2024-03-08,213.0,276.5983,49.743,5.58245,5.31,5.0945,0.0,106.719
2024-03-15,213.0,284.6232,49.825,5.59129,5.31,5.0945,0.0,106.508
2024-03-22,214.0,285.7602,52.367,5.57409,5.31,5.0945,0.0,107.06
2024-03-29,223.0,290.2913,51.525,5.55984,5.31,5.0945,0.0,105.405
2024-04-05,212.0,297.5838,52.653,5.555,5.31,5.0945,0.0,106.716
2024-04-12,211.0,297.869,54.627,5.58927,5.31,5.0945,0.0,105.942
2024-04-19,209.0,298.15,56.903,5.58801,5.31,5.0945,0.0,105.339
2024-04-26,209.0,296.84,51.943,5.59111,5.31,5.0945,0.0,106.279
2024-05-03,229.0,286.51,50.423,5.58916,5.31,5.0945,0.0,106.62
2024-05-10,222.0,289.47,50.6,5.58359,5.31,5.0945,0.0,106.724
2024-05-17,216.0,293.75,48.883,5.58741,5.31,5.0945,0.0,107.118
2024-05-24,221.0,294.28,49.257,5.60449,5.31,5.0945,0.0,107.02
2024-05-31,229.0,290.16,49.894,5.60445,5.31,5.0945,0.0,106.772
2024-06-07,241.0,289.86,50.047,5.5956,5.31,5.0945,0.0,106.732
2024-06-14,237.0,294.03,53.749,5.60564,5.31,5.0945,0.0,106.219
2024-06-21,233.0,293.22,53.24,5.60616,5.31,5.0945,0.0,106.376
2024-06-28,238.0,290.47,53.483,5.58621,5.31,5.0945,0.0,106.276
2024-07-05,222.0,293.43,49.735,5.5685,5.31,5.0945,0.0,106.763
2024-07-12,240.0,290.44,48.23,5.54772,5.31,5.0945,0.0,107.249
2024-07-19,236.0,280.36,50.767,5.5446,5.31,5.0945,0.0,106.751
2024-07-26,248.0,277.4,51.11,5.51698,5.31,5.0945,0.0,106.748
2024-08-02,234.0,270.13,58.097,5.48934,5.31,5.0945,0.0,105.194
2024-08-09,228.0,275.96,57.707,5.3743,5.31,5.0945,0.0,105.417
2024-08-16,232.0,275.44,51.033,5.39002,5.31,5.0945,0.0,106.758
2024-08-23,232.0,278.72,49.18,5.34225,5.31,5.0945,0.0,107.243
2024-08-30,228.0,277.03,49.33,5.27823,5.31,5.0945,0.0,107.142
2024-09-06,230.0,266.86,53.932,5.20025,5.31,5.0945,0.0,105.999
2024-09-13,222.0,273.84,49.857,5.20279,5.31,5.0945,0.0,106.993
2024-09-20,221.0,282.39,52.243,4.95286,4.81,5.0945,0.0,107.656
2024-09-27,227.0,285.94,52.591,4.85496,4.81,5.0945,0.0,107.313
2024-10-04,259.0,291.65,52.756,4.85372,4.81,5.0945,0.0,107.292
2024-10-11,240.0,290.99,51.709,4.85372,4.81,5.0945,0.0,107.347
2024-10-18,228.0,279.55,51.187,4.85372,4.81,5.0945,0.0,107.535
2024-10-25,218.0,284.68,52.888,4.85372,4.81,5.0945,0.0,107.08
2024-11-01,221.0,279.44,53.002,4.85372,4.81,5.0945,0.0,107.01
2024-11-08,219.0,281.68,47.199,4.85372,4.56,5.0945,0.0,108.501
2024-11-15,216.0,279.72,49.459,4.85372,4.56,5.0945,0.0,107.914
2024-11-22,216.0,289.91,48.569,4.85372,4.56,5.0945,0.0,108.335
2024-11-29,225.0,286.94,47.6,4.85372,4.56,5.0945,0.0,108.586
2024-12-06,239.0,286.34,47.098,4.85372,4.56,5.0945,0.0,108.82
2024-12-13,222.0,293.96,47.835,4.85372,4.56,5.0945,0.0,108.429
2024-12-20,219.0,292.2,49.355,4.85372,4.32,5.0945,0.0,107.915
2024-12-27,209.0,291.52,49.306,4.85372,4.32,5.0945,0.0,107.958
2025-01-03,205.0,296.77,48.703,4.85372,4.32,5.0945,0.0,108.007
2025-01-10,217.0,305.97,51.584,4.85372,4.32,5.0945,0.0,107.252
2025-01-17,222.0,311.08,48.87,4.85372,4.32,5.0945,0.0,107.995
2025-01-24,210.0,309.84,48.065,4.85372,4.32,5.0945,0.0,108.255
2025-01-31,222.0,304.95,48.602,4.85372,4.31,5.0945,0.0,108.096
2025-02-07,215.0,307.51,48.527,4.85372,4.31,5.0945,0.0,108.091
2025-02-14,224.0,312.08,46.737,4.85372,4.31,5.0945,0.0,108.395
2025-02-21,243.0,311.22,48.485,4.85372,4.31,5.0945,0.0,107.909
2025-02-28,224.0,301.83,49.223,4.85372,4.31,5.0945,0.0,107.642
2025-03-07,223.0,303.04,51.499,4.85372,4.31,5.0945,0.0,106.893
2025-03-14,225.0,302.67,55.1,4.85372,4.31,5.0945,0.0,106.042
2025-03-21,225.0,305.77,59.646,4.85372,4.31,5.0945,0.0,105.908
2025-03-28,219.0,306.87,61.326,4.85372,4.31,5.0945,0.0,105.148
2025-04-04,224.0,288.46,71.954,4.85372,4.31,5.0945,0.0,102.459
2025-04-11,216.0,290.42,72.926,4.85372,4.31,5.0945,0.0,102.849
2025-04-18,223.0,296.38,69.98,4.85372,4.31,5.0945,0.0,103.049
2025-04-25,241.0,298.46,66.45,4.85372,4.31,5.0945,0.0,103.907
2025-05-02,229.0,290.3,64.449,4.85372,4.31,5.0945,0.0,104.448
2025-05-09,228.0,295.13,61.913,4.85372,4.31,5.0945,0.0,104.678
2025-05-16,226.0,296.08,55.896,4.85372,4.31,5.0945,0.0,106.2
2025-05-23,239.0,296.66,59.528,4.85372,4.31,5.0945,0.0,105.383
2025-05-30,248.0,290.43,56.151,4.85372,4.31,5.0945,0.0,106.151
2025-06-06,250.0,300.89,54.048,4.85372,4.31,5.0945,0.0,106.626
2025-06-13,246.0,309.9,55.869,4.85372,4.31,5.0945,0.0,106.283
2025-06-20,237.0,312.53,56.046,4.85372,4.31,5.0945,0.0,106.276
2025-06-27,232.0,299.74,51.99,4.85372,4.31,5.0945,0.0,107.228
2025-07-04,228.0,299.93,49.443,4.85372,4.31,5.0945,0.0,107.93
2025-07-11,221.0,303.52,50.53,4.85372,4.31,5.0945,0.0,107.538
2025-07-18,217.0,306.12,50.853,4.85372,4.31,5.0945,0.0,107.516
2025-07-25,219.0,302.25,50.101,4.85372,4.31,5.0945,0.0,107.593
2025-08-01,227.0,295.28,53.987,4.85372,4.31,5.0945,0.0,106.592
2025-08-08,224.0,294.07,51.056,4.85372,4.31,5.0945,0.0,107.171
2025-08-15,234.0,295.54,49.946,4.85372,4.31,5.0945,0.0,107.362
2025-08-22,229.0,300.0,49.081,4.85372,4.31,5.0945,0.0,107.579
2025-08-29,236.0,302.35,50.912,4.85372,4.31,5.0945,0.0,107.211
2025-09-05,264.0,297.77,49.907,4.85372,4.31,5.0945,0.0,107.269
2025-09-12,232.0,301.72,47.814,4.85372,4.31,5.0945,0.0,107.637
2025-09-19,219.0,298.99,47.256,4.85372,4.07,5.0945,0.0,107.901
2025-09-26,224.0,305.03,52.834,4.85372,4.08,5.0945,0.0,107.787
2025-10-03,235.0,299.36,51.497,4.85372,4.08,5.0945,0.0,107.694
2025-10-10,220.0,292.76,56.219,4.85372,4.08,5.0945,0.0,106.513
2025-10-17,232.0,293.35,53.805,4.85372,4.1,5.0945,0.0,106.996
2025-10-24,220.0,302.98,51.498,4.85372,4.11,5.0945,0.0,107.513
2025-10-31,229.0,302.54,52.53,4.85372,3.86,5.0945,0.0,107.306
2025-11-07,228.0,300.91,53.48,4.85372,3.86,5.0945,0.0,107.069
2025-11-14,222.0,302.35,53.351,4.85372,3.86,5.0945,0.0,106.986
2025-11-21,217.0,295.58,54.622,4.85372,3.87,5.0945,0.0,106.617
2025-11-28,192.0,301.49,51.353,4.85372,3.88,5.0945,0.0,107.454
2025-12-05,237.0,305.97,50.521,4.85372,3.88,5.0945,0.0,107.664
2025-12-12,224.0,298.29,50.784,4.85372,3.64,5.0945,0.0,107.574
2025-12-19,215.0,295.1,50.79,4.85372,3.64,5.0945,0.0,107.532
2025-12-26,200.0,300.43,50.152,4.85372,3.64,5.0945,0.0,107.704
2026-01-02,207.0,297.82,50.12,4.85372,3.64,5.0945,0.0,107.565
2026-01-09,199.0,301.47,49.109,4.85372,3.64,5.0945,0.0,107.75
2026-01-16,210.0,302.05,48.624,4.85372,3.64,5.0945,0.0,108.762
2026-01-23,209.0,312.24,49.108,4.85372,3.64,5.0945,0.0,108.604
2026-01-30,231.0,320.09,49.396,4.85372,3.64,5.0945,0.0,108.383
2026-02-06,231.0,309.51,50.362,4.85372,3.64,5.0945,0.0,108.149
